time,pos_x,pos_y,pos_z,vel_x,vel_y,vel_z,speed,altitude,force_x,force_y,force_z,active_layers,event,col_normal_x,col_normal_y,col_normal_z,impact_speed
132.960,6.299,529.132,-2.988,0.000,-4.247,0.000,4.247,529.132,0.000,1.272,0.000,Thermal|Downdraft,,,,
132.980,6.299,529.049,-2.988,0.000,-4.178,0.000,4.178,529.049,0.000,1.272,0.000,Thermal|Downdraft,,,,
133.000,6.299,528.967,-2.988,0.000,-4.110,0.000,4.110,528.967,0.000,1.272,0.000,Thermal|Downdraft,,,,
133.020,6.299,528.886,-2.988,0.000,-4.042,0.000,4.042,528.886,0.000,1.272,0.000,Thermal|Downdraft,,,,
133.040,6.299,528.806,-2.988,0.000,-3.975,0.000,3.975,528.806,0.000,1.272,0.000,Thermal|Downdraft,,,,
133.060,6.299,528.728,-2.988,0.000,-3.908,0.000,3.908,528.728,0.000,1.272,0.000,Thermal|Downdraft,,,,
133.080,6.299,528.651,-2.988,0.000,-3.842,0.000,3.842,528.651,0.000,1.272,0.000,Thermal|Downdraft,,,,
133.100,6.299,528.576,-2.988,0.000,-3.777,0.000,3.777,528.576,0.000,1.272,0.000,Thermal|Downdraft,,,,
133.120,6.299,528.502,-2.988,0.000,-3.713,0.000,3.713,528.502,0.000,1.272,0.000,Thermal|Downdraft,,,,
133.140,6.299,528.429,-2.988,0.000,-3.649,0.000,3.649,528.429,0.000,1.272,0.000,Thermal|Downdraft,,,,
133.160,6.299,528.357,-2.988,0.000,-3.585,0.000,3.585,528.357,0.000,1.272,0.000,Thermal|Downdraft,,,,
133.180,6.299,528.286,-2.988,0.000,-3.523,0.000,3.523,528.286,0.000,1.272,0.000,Thermal|Downdraft,,,,
133.200,6.299,528.217,-2.988,0.000,-3.461,0.000,3.461,528.217,0.000,1.272,0.000,Thermal|Downdraft,,,,
133.220,6.299,528.149,-2.988,0.000,-3.400,0.000,3.400,528.149,0.000,1.272,0.000,Thermal|Downdraft,,,,
133.240,6.299,528.082,-2.988,0.000,-3.339,0.000,3.339,528.082,0.000,1.272,0.000,Thermal|Downdraft,,,,
133.260,6.299,528.017,-2.988,0.000,-3.279,0.000,3.279,528.017,0.000,1.272,0.000,Thermal|Downdraft,,,,
133.280,6.299,527.952,-2.988,0.000,-3.219,0.000,3.219,527.952,0.000,1.272,0.000,Thermal|Downdraft,,,,
133.300,6.299,527.889,-2.988,0.000,-3.160,0.000,3.160,527.889,0.000,1.272,0.000,Thermal|Downdraft,,,,
133.320,6.299,527.827,-2.988,0.000,-3.102,0.000,3.102,527.827,0.000,1.272,0.000,Thermal|Downdraft,,,,
133.340,6.299,527.766,-2.988,0.000,-3.044,0.000,3.044,527.766,0.000,1.272,0.000,Thermal|Downdraft,,,,
133.360,6.299,527.707,-2.988,0.000,-2.987,0.000,2.987,527.707,0.000,1.272,0.000,Thermal|Downdraft,,,,
133.380,6.299,527.648,-2.988,0.000,-2.930,0.000,2.930,527.648,0.000,1.272,0.000,Thermal|Downdraft,,,,
133.400,6.299,527.591,-2.988,0.000,-2.874,0.000,2.874,527.591,0.000,1.272,0.000,Thermal|Downdraft,,,,
133.420,6.299,527.534,-2.988,0.000,-2.819,0.000,2.819,527.534,0.000,1.272,0.000,Thermal|Downdraft,,,,
133.440,6.299,527.479,-2.988,0.000,-2.764,0.000,2.764,527.479,0.000,1.272,0.000,Thermal|Downdraft,,,,
133.460,6.299,527.425,-2.988,0.000,-2.709,0.000,2.709,527.425,0.000,1.272,0.000,Thermal|Downdraft,,,,
133.480,6.299,527.372,-2.988,0.000,-2.656,0.000,2.656,527.372,0.000,1.272,0.000,Thermal|Downdraft,,,,
133.500,6.299,527.319,-2.988,0.000,-2.602,0.000,2.602,527.319,0.000,1.272,0.000,Thermal|Downdraft,,,,
133.520,6.299,527.268,-2.988,0.000,-2.550,0.000,2.550,527.268,0.000,1.272,0.000,Thermal|Downdraft,,,,
133.540,6.299,527.219,-2.988,0.000,-2.497,0.000,2.497,527.219,0.000,1.272,0.000,Thermal|Downdraft,,,,
133.560,6.299,527.170,-2.988,0.000,-2.446,0.000,2.446,527.170,0.000,1.272,0.000,Thermal|Downdraft,,,,
133.580,6.299,527.122,-2.988,0.000,-2.394,0.000,2.394,527.122,0.000,1.272,0.000,Thermal|Downdraft,,,,
133.600,6.299,527.075,-2.988,0.000,-2.344,0.000,2.344,527.075,0.000,1.272,0.000,Thermal|Downdraft,,,,
133.620,6.299,527.029,-2.988,0.000,-2.294,0.000,2.294,527.029,0.000,1.272,0.000,Thermal|Downdraft,,,,
133.640,6.299,526.984,-2.988,0.000,-2.244,0.000,2.244,526.984,0.000,1.272,0.000,Thermal|Downdraft,,,,
133.660,6.299,526.940,-2.988,0.000,-2.195,0.000,2.195,526.940,0.000,1.272,0.000,Thermal|Downdraft,,,,
133.680,6.299,526.897,-2.988,0.000,-2.146,0.000,2.146,526.897,0.000,1.272,0.000,Thermal|Downdraft,,,,
133.700,6.299,526.855,-2.988,0.000,-2.098,0.000,2.098,526.855,0.000,1.272,0.000,Thermal|Downdraft,,,,
133.720,6.299,526.814,-2.988,0.000,-2.050,0.000,2.050,526.814,0.000,1.272,0.000,Thermal|Downdraft,,,,
133.740,6.299,526.774,-2.988,0.000,-2.003,0.000,2.003,526.774,0.000,1.272,0.000,Thermal|Downdraft,,,,
133.760,6.299,526.735,-2.988,0.000,-1.956,0.000,1.956,526.735,0.000,1.272,0.000,Thermal|Downdraft,,,,
133.780,6.299,526.697,-2.988,0.000,-1.910,0.000,1.910,526.697,0.000,1.272,0.000,Thermal|Downdraft,,,,
133.800,6.299,526.660,-2.988,0.000,-1.864,0.000,1.864,526.660,0.000,1.272,0.000,Thermal|Downdraft,,,,
133.820,6.299,526.623,-2.988,0.000,-1.819,0.000,1.819,526.623,0.000,1.272,0.000,Thermal|Downdraft,,,,
133.840,6.299,526.588,-2.988,0.000,-1.774,0.000,1.774,526.588,0.000,1.272,0.000,Thermal|Downdraft,,,,
133.860,6.299,526.553,-2.988,0.000,-1.729,0.000,1.729,526.553,0.000,1.272,0.000,Thermal|Downdraft,,,,
133.880,6.299,526.520,-2.988,0.000,-1.685,0.000,1.685,526.520,0.000,1.272,0.000,Thermal|Downdraft,,,,
133.900,6.299,526.487,-2.988,0.000,-1.641,0.000,1.641,526.487,0.000,1.272,0.000,Thermal|Downdraft,,,,
133.920,6.299,526.455,-2.988,0.000,-1.598,0.000,1.598,526.455,0.000,1.272,0.000,Thermal|Downdraft,,,,
133.940,6.299,526.424,-2.988,0.000,-1.556,0.000,1.556,526.424,0.000,1.272,0.000,Thermal|Downdraft,,,,
133.960,6.299,526.393,-2.988,0.000,-1.513,0.000,1.513,526.393,0.000,1.272,0.000,Thermal|Downdraft,,,,
133.980,6.299,526.364,-2.988,0.000,-1.471,0.000,1.471,526.364,0.000,1.272,0.000,Thermal|Downdraft,,,,
134.000,6.299,526.335,-2.988,0.000,-1.430,0.000,1.430,526.335,0.000,1.272,0.000,Thermal|Downdraft,,,,
134.020,6.299,526.308,-2.988,0.000,-1.389,0.000,1.389,526.308,0.000,1.272,0.000,Thermal|Downdraft,,,,
134.040,6.299,526.281,-2.988,0.000,-1.348,0.000,1.348,526.281,0.000,1.272,0.000,Thermal|Downdraft,,,,
134.060,6.299,526.254,-2.988,0.000,-1.308,0.000,1.308,526.254,0.000,1.272,0.000,Thermal|Downdraft,,,,
134.080,6.299,526.229,-2.988,0.000,-1.268,0.000,1.268,526.229,0.000,1.272,0.000,Thermal|Downdraft,,,,
134.100,6.299,526.204,-2.988,0.000,-1.229,0.000,1.229,526.204,0.000,1.272,0.000,Thermal|Downdraft,,,,
134.120,6.299,526.181,-2.988,0.000,-1.190,0.000,1.190,526.181,0.000,1.272,0.000,Thermal|Downdraft,,,,
134.140,6.299,526.158,-2.988,0.000,-1.151,0.000,1.151,526.158,0.000,1.272,0.000,Thermal|Downdraft,,,,
134.160,6.299,526.135,-2.988,0.000,-1.113,0.000,1.113,526.135,0.000,1.272,0.000,Thermal|Downdraft,,,,
134.180,6.299,526.114,-2.988,0.000,-1.075,0.000,1.075,526.114,0.000,1.272,0.000,Thermal|Downdraft,,,,
134.200,6.299,526.093,-2.988,0.000,-1.038,0.000,1.038,526.093,0.000,1.272,0.000,Thermal|Downdraft,,,,
134.220,6.299,526.073,-2.988,0.000,-1.000,0.000,1.000,526.073,0.000,1.272,0.000,Thermal|Downdraft,,,,
134.240,6.299,526.054,-2.988,0.000,-0.964,0.000,0.964,526.054,0.000,1.272,0.000,Thermal|Downdraft,,,,
134.260,6.299,526.035,-2.988,0.000,-0.927,0.000,0.927,526.035,0.000,1.272,0.000,Thermal|Downdraft,,,,
134.280,6.299,526.017,-2.988,0.000,-0.891,0.000,0.891,526.017,0.000,1.272,0.000,Thermal|Downdraft,,,,
134.300,6.299,526.000,-2.988,0.000,-0.856,0.000,0.856,526.000,0.000,1.272,0.000,Thermal|Downdraft,,,,
134.320,6.299,525.984,-2.988,0.000,-0.820,0.000,0.820,525.984,0.000,1.272,0.000,Thermal|Downdraft,,,,
134.340,6.299,525.968,-2.988,0.000,-0.785,0.000,0.785,525.968,0.000,1.272,0.000,Thermal|Downdraft,,,,
134.360,6.299,525.953,-2.988,0.000,-0.751,0.000,0.751,525.953,0.000,1.272,0.000,Thermal|Downdraft,,,,
134.380,6.299,525.937,-2.988,0.000,-0.794,0.000,0.794,525.937,0.000,1.272,0.000,Thermal|Downdraft,,,,
134.400,6.299,525.921,-2.988,0.000,-0.837,0.000,0.837,525.921,0.000,1.272,0.000,Thermal|Downdraft,,,,
134.420,6.299,525.903,-2.988,0.000,-0.880,0.000,0.880,525.903,0.000,1.272,0.000,Thermal|Downdraft,,,,
134.440,6.299,525.885,-2.988,0.000,-0.922,0.000,0.922,525.885,0.000,1.272,0.000,Thermal|Downdraft,,,,
134.460,6.299,525.865,-2.988,0.000,-0.964,0.000,0.964,525.865,0.000,1.272,0.000,Thermal|Downdraft,,,,
134.480,6.299,525.845,-2.988,0.000,-1.005,0.000,1.005,525.845,0.000,1.272,0.000,Thermal|Downdraft,,,,
134.500,6.299,525.824,-2.988,0.000,-1.046,0.000,1.046,525.824,0.000,1.272,0.000,Thermal|Downdraft,,,,
134.520,6.299,525.803,-2.988,0.000,-1.086,0.000,1.086,525.803,0.000,1.272,0.000,Thermal|Downdraft,,,,
134.540,6.299,525.780,-2.988,0.000,-1.126,0.000,1.126,525.780,0.000,1.272,0.000,Thermal|Downdraft,,,,
134.560,6.299,525.757,-2.988,0.000,-1.166,0.000,1.166,525.757,0.000,1.272,0.000,Thermal|Downdraft,,,,
134.580,6.299,525.733,-2.988,0.000,-1.205,0.000,1.205,525.733,0.000,1.272,0.000,Thermal|Downdraft,,,,
134.600,6.299,525.708,-2.988,0.000,-1.244,0.000,1.244,525.708,0.000,1.272,0.000,Thermal|Downdraft,,,,
134.620,6.299,525.682,-2.988,0.000,-1.283,0.000,1.283,525.682,0.000,1.272,0.000,Thermal|Downdraft,,,,
134.640,6.299,525.656,-2.988,0.000,-1.321,0.000,1.321,525.656,0.000,1.272,0.000,Thermal|Downdraft,,,,
134.660,6.299,525.628,-2.988,0.000,-1.359,0.000,1.359,525.628,0.000,1.272,0.000,Thermal|Downdraft,,,,
134.680,6.299,525.601,-2.988,0.000,-1.396,0.000,1.396,525.601,0.000,1.272,0.000,Thermal|Downdraft,,,,
134.700,6.299,525.572,-2.988,0.000,-1.433,0.000,1.433,525.572,0.000,1.272,0.000,Thermal|Downdraft,,,,
134.720,6.299,525.542,-2.988,0.000,-1.470,0.000,1.470,525.542,0.000,1.272,0.000,Thermal|Downdraft,,,,
134.740,6.299,525.512,-2.988,0.000,-1.506,0.000,1.506,525.512,0.000,1.272,0.000,Thermal|Downdraft,,,,
134.760,6.299,525.482,-2.988,0.000,-1.542,0.000,1.542,525.482,0.000,1.272,0.000,Thermal|Downdraft,,,,
134.780,6.299,525.450,-2.988,0.000,-1.577,0.000,1.577,525.450,0.000,1.272,0.000,Thermal|Downdraft,,,,
134.800,6.299,525.418,-2.988,0.000,-1.613,0.000,1.613,525.418,0.000,1.272,0.000,Thermal|Downdraft,,,,
134.820,6.299,525.385,-2.988,0.000,-1.647,0.000,1.647,525.385,0.000,1.272,0.000,Thermal|Downdraft,,,,
134.840,6.299,525.351,-2.988,0.000,-1.682,0.000,1.682,525.351,0.000,1.272,0.000,Thermal|Downdraft,,,,
134.860,6.299,525.317,-2.988,0.000,-1.716,0.000,1.716,525.317,0.000,1.272,0.000,Thermal|Downdraft,,,,
134.880,6.299,525.282,-2.988,0.000,-1.750,0.000,1.750,525.282,0.000,1.272,0.000,Thermal|Downdraft,,,,
134.900,6.299,525.246,-2.988,0.000,-1.783,0.000,1.783,525.246,0.000,1.272,0.000,Thermal|Downdraft,,,,
134.920,6.299,525.210,-2.988,0.000,-1.816,0.000,1.816,525.210,0.000,1.272,0.000,Thermal|Downdraft,,,,
134.940,6.299,525.173,-2.988,0.000,-1.849,0.000,1.849,525.173,0.000,1.272,0.000,Thermal|Downdraft,,,,
134.960,6.299,525.135,-2.988,0.000,-1.882,0.000,1.882,525.135,0.000,1.272,0.000,Thermal|Downdraft,,,,
134.980,6.299,525.097,-2.988,0.000,-1.914,0.000,1.914,525.097,0.000,1.272,0.000,Thermal|Downdraft,,,,
135.000,6.299,525.058,-2.988,0.000,-1.946,0.000,1.946,525.058,0.000,1.272,0.000,Thermal|Downdraft,,,,
135.020,6.299,525.019,-2.988,0.000,-1.977,0.000,1.977,525.019,0.000,1.272,0.000,Thermal|Downdraft,,,,
135.040,6.299,524.978,-2.988,0.000,-2.008,0.000,2.008,524.978,0.000,1.272,0.000,Thermal|Downdraft,,,,
135.060,6.299,524.938,-2.988,0.000,-2.039,0.000,2.039,524.938,0.000,1.272,0.000,Thermal|Downdraft,,,,
135.080,6.299,524.896,-2.988,0.000,-2.070,0.000,2.070,524.896,0.000,1.272,0.000,Thermal|Downdraft,,,,
135.100,6.299,524.854,-2.988,0.000,-2.100,0.000,2.100,524.854,0.000,1.272,0.000,Thermal|Downdraft,,,,
135.120,6.299,524.812,-2.988,0.000,-2.130,0.000,2.130,524.812,0.000,1.272,0.000,Thermal|Downdraft,,,,
135.140,6.299,524.768,-2.988,0.000,-2.160,0.000,2.160,524.768,0.000,1.272,0.000,Thermal|Downdraft,,,,
135.160,6.299,524.725,-2.988,0.000,-2.189,0.000,2.189,524.725,0.000,1.272,0.000,Thermal|Downdraft,,,,
135.180,6.299,524.680,-2.988,0.000,-2.218,0.000,2.218,524.680,0.000,1.272,0.000,Thermal|Downdraft,,,,
135.200,6.299,524.635,-2.988,0.000,-2.247,0.000,2.247,524.635,0.000,1.272,0.000,Thermal|Downdraft,,,,
135.220,6.299,524.590,-2.988,0.000,-2.275,0.000,2.275,524.590,0.000,1.272,0.000,Thermal|Downdraft,,,,
135.240,6.299,524.544,-2.988,0.000,-2.303,0.000,2.303,524.544,0.000,1.272,0.000,Thermal|Downdraft,,,,
135.260,6.299,524.497,-2.988,0.000,-2.331,0.000,2.331,524.497,0.000,1.272,0.000,Thermal|Downdraft,,,,
135.280,6.299,524.450,-2.988,0.000,-2.359,0.000,2.359,524.450,0.000,1.272,0.000,Thermal|Downdraft,,,,
135.300,6.299,524.402,-2.988,0.000,-2.386,0.000,2.386,524.402,0.000,1.272,0.000,Thermal|Downdraft,,,,
135.320,6.299,524.354,-2.988,0.000,-2.413,0.000,2.413,524.354,0.000,1.272,0.000,Thermal|Downdraft,,,,
135.340,6.299,524.305,-2.988,0.000,-2.440,0.000,2.440,524.305,0.000,1.272,0.000,Thermal|Downdraft,,,,
135.360,6.299,524.256,-2.988,0.000,-2.467,0.000,2.467,524.256,0.000,1.272,0.000,Thermal|Downdraft,,,,
135.380,6.299,524.206,-2.988,0.000,-2.493,0.000,2.493,524.206,0.000,1.272,0.000,Thermal|Downdraft,,,,
135.400,6.299,524.156,-2.988,0.000,-2.519,0.000,2.519,524.156,0.000,1.272,0.000,Thermal|Downdraft,,,,
135.420,6.299,524.105,-2.988,0.000,-2.545,0.000,2.545,524.105,0.000,1.272,0.000,Thermal|Downdraft,,,,
135.440,6.299,524.053,-2.988,0.000,-2.570,0.000,2.570,524.053,0.000,1.272,0.000,Thermal|Downdraft,,,,
135.460,6.299,524.001,-2.988,0.000,-2.596,0.000,2.596,524.001,0.000,1.272,0.000,Thermal|Downdraft,,,,
135.480,6.299,523.949,-2.988,0.000,-2.621,0.000,2.621,523.949,0.000,1.272,0.000,Thermal|Downdraft,,,,
135.500,6.299,523.896,-2.988,0.000,-2.645,0.000,2.645,523.896,0.000,1.272,0.000,Thermal|Downdraft,,,,
135.520,6.299,523.843,-2.988,0.000,-2.670,0.000,2.670,523.843,0.000,1.272,0.000,Thermal|Downdraft,,,,
135.540,6.299,523.789,-2.988,0.000,-2.694,0.000,2.694,523.789,0.000,1.272,0.000,Thermal|Downdraft,,,,
135.560,6.299,523.734,-2.988,0.000,-2.718,0.000,2.718,523.734,0.000,1.272,0.000,Thermal|Downdraft,,,,
135.580,6.299,523.679,-2.988,0.000,-2.742,0.000,2.742,523.679,0.000,1.272,0.000,Thermal|Downdraft,,,,
135.600,6.299,523.624,-2.988,0.000,-2.765,0.000,2.765,523.624,0.000,1.272,0.000,Thermal|Downdraft,,,,
135.620,6.299,523.568,-2.988,0.000,-2.789,0.000,2.789,523.568,0.000,1.272,0.000,Thermal|Downdraft,,,,
135.640,6.299,523.512,-2.988,0.000,-2.812,0.000,2.812,523.512,0.000,1.272,0.000,Thermal|Downdraft,,,,
135.660,6.299,523.455,-2.988,0.000,-2.835,0.000,2.835,523.455,0.000,1.272,0.000,Thermal|Downdraft,,,,
135.680,6.299,523.398,-2.988,0.000,-2.857,0.000,2.857,523.398,0.000,1.272,0.000,Thermal|Downdraft,,,,
135.700,6.299,523.341,-2.988,0.000,-2.880,0.000,2.880,523.341,0.000,1.272,0.000,Thermal|Downdraft,,,,
135.720,6.299,523.283,-2.988,0.000,-2.902,0.000,2.902,523.283,0.000,1.272,0.000,Thermal|Downdraft,,,,
135.740,6.299,523.224,-2.988,0.000,-2.924,0.000,2.924,523.224,0.000,1.272,0.000,Thermal|Downdraft,,,,
135.760,6.299,523.165,-2.988,0.000,-2.945,0.000,2.945,523.165,0.000,1.272,0.000,Thermal|Downdraft,,,,
135.780,6.299,523.106,-2.988,0.000,-2.967,0.000,2.967,523.106,0.000,1.272,0.000,Thermal|Downdraft,,,,
135.800,6.299,523.046,-2.988,0.000,-2.988,0.000,2.988,523.046,0.000,1.272,0.000,Thermal|Downdraft,,,,
135.820,6.299,522.986,-2.988,0.000,-3.009,0.000,3.009,522.986,0.000,1.272,0.000,Thermal|Downdraft,,,,
135.840,6.299,522.925,-2.988,0.000,-3.030,0.000,3.030,522.925,0.000,1.272,0.000,Thermal|Downdraft,,,,
135.860,6.299,522.864,-2.988,0.000,-3.051,0.000,3.051,522.864,0.000,1.272,0.000,Thermal|Downdraft,,,,
135.880,6.299,522.803,-2.988,0.000,-3.071,0.000,3.071,522.803,0.000,1.272,0.000,Thermal|Downdraft,,,,
135.900,6.299,522.741,-2.988,0.000,-3.091,0.000,3.091,522.741,0.000,1.272,0.000,Thermal|Downdraft,,,,
135.920,6.299,522.679,-2.988,0.000,-3.111,0.000,3.111,522.679,0.000,1.272,0.000,Thermal|Downdraft,,,,
135.940,6.299,522.616,-2.988,0.000,-3.131,0.000,3.131,522.616,0.000,1.272,0.000,Thermal|Downdraft,,,,
135.960,6.299,522.553,-2.988,0.000,-3.151,0.000,3.151,522.553,0.000,1.272,0.000,Thermal|Downdraft,,,,
135.980,6.299,522.490,-2.988,0.000,-3.170,0.000,3.170,522.490,0.000,1.272,0.000,Thermal|Downdraft,,,,
136.000,6.299,522.426,-2.988,0.000,-3.190,0.000,3.190,522.426,0.000,1.272,0.000,Thermal|Downdraft,,,,
136.020,6.299,522.362,-2.988,0.000,-3.209,0.000,3.209,522.362,0.000,1.272,0.000,Thermal|Downdraft,,,,
136.040,6.299,522.297,-2.988,0.000,-3.228,0.000,3.228,522.297,0.000,1.272,0.000,Thermal|Downdraft,,,,
136.060,6.299,522.232,-2.988,0.000,-3.246,0.000,3.246,522.232,0.000,1.272,0.000,Thermal|Downdraft,,,,
136.080,6.299,522.167,-2.988,0.000,-3.265,0.000,3.265,522.167,0.000,1.272,0.000,Thermal|Downdraft,,,,
136.100,6.299,522.101,-2.988,0.000,-3.283,0.000,3.283,522.101,0.000,1.272,0.000,Thermal|Downdraft,,,,
136.120,6.299,522.035,-2.988,0.000,-3.301,0.000,3.301,522.035,0.000,1.272,0.000,Thermal|Downdraft,,,,
136.140,6.299,521.969,-2.988,0.000,-3.319,0.000,3.319,521.969,0.000,1.272,0.000,Thermal|Downdraft,,,,
136.160,6.299,521.902,-2.988,0.000,-3.337,0.000,3.337,521.902,0.000,1.272,0.000,Thermal|Downdraft,,,,
136.180,6.299,521.835,-2.988,0.000,-3.354,0.000,3.354,521.835,0.000,1.272,0.000,Thermal|Downdraft,,,,
136.200,6.299,521.768,-2.988,0.000,-3.372,0.000,3.372,521.768,0.000,1.272,0.000,Thermal|Downdraft,,,,
136.220,6.299,521.700,-2.988,0.000,-3.389,0.000,3.389,521.700,0.000,1.272,0.000,Thermal|Downdraft,,,,
136.240,6.299,521.632,-2.988,0.000,-3.406,0.000,3.406,521.632,0.000,1.272,0.000,Thermal|Downdraft,,,,
136.260,6.299,521.563,-2.988,0.000,-3.423,0.000,3.423,521.563,0.000,1.272,0.000,Thermal|Downdraft,,,,
136.280,6.299,521.495,-2.988,0.000,-3.440,0.000,3.440,521.495,0.000,1.272,0.000,Thermal|Downdraft,,,,
136.300,6.299,521.425,-2.988,0.000,-3.456,0.000,3.456,521.425,0.000,1.272,0.000,Thermal|Downdraft,,,,
136.320,6.299,521.356,-2.988,0.000,-3.473,0.000,3.473,521.356,0.000,1.272,0.000,Thermal|Downdraft,,,,
136.340,6.299,521.286,-2.988,0.000,-3.489,0.000,3.489,521.286,0.000,1.272,0.000,Thermal|Downdraft,,,,
136.360,6.299,521.216,-2.988,0.000,-3.505,0.000,3.505,521.216,0.000,1.272,0.000,Thermal|Downdraft,,,,
136.380,6.299,521.146,-2.988,0.000,-3.521,0.000,3.521,521.146,0.000,1.272,0.000,Thermal|Downdraft,,,,
136.400,6.299,521.075,-2.988,0.000,-3.537,0.000,3.537,521.075,0.000,1.272,0.000,Thermal|Downdraft,,,,
136.420,6.299,521.004,-2.988,0.000,-3.552,0.000,3.552,521.004,0.000,1.272,0.000,Thermal|Downdraft,,,,
136.440,6.299,520.932,-2.988,0.000,-3.568,0.000,3.568,520.932,0.000,1.272,0.000,Thermal|Downdraft,,,,
136.460,6.299,520.861,-2.988,0.000,-3.583,0.000,3.583,520.861,0.000,1.272,0.000,Thermal|Downdraft,,,,
136.480,6.299,520.789,-2.988,0.000,-3.598,0.000,3.598,520.789,0.000,1.272,0.000,Thermal|Downdraft,,,,
136.500,6.299,520.717,-2.988,0.000,-3.613,0.000,3.613,520.717,0.000,1.272,0.000,Thermal|Downdraft,,,,
136.520,6.299,520.644,-2.988,0.000,-3.628,0.000,3.628,520.644,0.000,1.272,0.000,Thermal|Downdraft,,,,
136.540,6.299,520.571,-2.988,0.000,-3.643,0.000,3.643,520.571,0.000,1.272,0.000,Thermal|Downdraft,,,,
136.560,6.299,520.498,-2.988,0.000,-3.657,0.000,3.657,520.498,0.000,1.272,0.000,Thermal|Downdraft,,,,
136.580,6.299,520.425,-2.988,0.000,-3.671,0.000,3.671,520.425,0.000,1.272,0.000,Thermal|Downdraft,,,,
136.600,6.299,520.351,-2.988,0.000,-3.686,0.000,3.686,520.351,0.000,1.272,0.000,Thermal|Downdraft,,,,
136.620,6.299,520.277,-2.988,0.000,-3.700,0.000,3.700,520.277,0.000,1.272,0.000,Thermal|Downdraft,,,,
136.640,6.299,520.203,-2.988,0.000,-3.714,0.000,3.714,520.203,0.000,1.272,0.000,Thermal|Downdraft,,,,
136.660,6.299,520.128,-2.988,0.000,-3.728,0.000,3.728,520.128,0.000,1.272,0.000,Thermal|Downdraft,,,,
136.680,6.299,520.053,-2.988,0.000,-3.741,0.000,3.741,520.053,0.000,1.272,0.000,Thermal|Downdraft,,,,
136.700,6.299,519.978,-2.988,0.000,-3.755,0.000,3.755,519.978,0.000,1.272,0.000,Thermal|Downdraft,,,,
136.720,6.299,519.903,-2.988,0.000,-3.768,0.000,3.768,519.903,0.000,1.272,0.000,Thermal|Downdraft,,,,
136.740,6.299,519.827,-2.988,0.000,-3.781,0.000,3.781,519.827,0.000,1.272,0.000,Thermal|Downdraft,,,,
136.760,6.299,519.751,-2.988,0.000,-3.795,0.000,3.795,519.751,0.000,1.272,0.000,Thermal|Downdraft,,,,
136.780,6.299,519.675,-2.988,0.000,-3.808,0.000,3.808,519.675,0.000,1.272,0.000,Thermal|Downdraft,,,,
136.800,6.299,519.599,-2.988,0.000,-3.820,0.000,3.820,519.599,0.000,1.272,0.000,Thermal|Downdraft,,,,
136.820,6.299,519.522,-2.988,0.000,-3.833,0.000,3.833,519.522,0.000,1.272,0.000,Thermal|Downdraft,,,,
136.840,6.299,519.445,-2.988,0.000,-3.846,0.000,3.846,519.445,0.000,1.272,0.000,Thermal|Downdraft,,,,
136.860,6.299,519.368,-2.988,0.000,-3.858,0.000,3.858,519.368,0.000,1.272,0.000,Thermal|Downdraft,,,,
136.880,6.299,519.291,-2.988,0.000,-3.871,0.000,3.871,519.291,0.000,1.272,0.000,Thermal|Downdraft,,,,
136.900,6.299,519.213,-2.988,0.000,-3.883,0.000,3.883,519.213,0.000,1.272,0.000,Thermal|Downdraft,,,,
136.920,6.299,519.135,-2.988,0.000,-3.895,0.000,3.895,519.135,0.000,1.272,0.000,Thermal|Downdraft,,,,
136.940,6.299,519.057,-2.988,0.000,-3.907,0.000,3.907,519.057,0.000,1.272,0.000,Thermal|Downdraft,,,,
136.960,6.299,518.979,-2.988,0.000,-3.919,0.000,3.919,518.979,0.000,1.272,0.000,Thermal|Downdraft,,,,
136.980,6.299,518.900,-2.988,0.000,-3.931,0.000,3.931,518.900,0.000,1.272,0.000,Thermal|Downdraft,,,,
137.000,6.299,518.821,-2.988,0.000,-3.942,0.000,3.942,518.821,0.000,1.272,0.000,Thermal|Downdraft,,,,
137.020,6.299,518.742,-2.988,0.000,-3.954,0.000,3.954,518.742,0.000,1.272,0.000,Thermal|Downdraft,,,,
137.040,6.299,518.663,-2.988,0.000,-3.965,0.000,3.965,518.663,0.000,1.272,0.000,Thermal|Downdraft,,,,
137.060,6.299,518.583,-2.988,0.000,-3.977,0.000,3.977,518.583,0.000,1.272,0.000,Thermal|Downdraft,,,,
137.080,6.299,518.503,-2.988,0.000,-3.988,0.000,3.988,518.503,0.000,1.272,0.000,Thermal|Downdraft,,,,
137.100,6.299,518.424,-2.988,0.000,-3.999,0.000,3.999,518.424,0.000,1.272,0.000,Thermal|Downdraft,,,,
137.120,6.299,518.343,-2.988,0.000,-4.010,0.000,4.010,518.343,0.000,1.272,0.000,Thermal|Downdraft,,,,
137.140,6.299,518.263,-2.988,0.000,-4.021,0.000,4.021,518.263,0.000,1.272,0.000,Thermal|Downdraft,,,,
137.160,6.299,518.182,-2.988,0.000,-4.031,0.000,4.031,518.182,0.000,1.272,0.000,Thermal|Downdraft,,,,
137.180,6.299,518.101,-2.988,0.000,-4.042,0.000,4.042,518.101,0.000,1.272,0.000,Thermal|Downdraft,,,,
137.200,6.299,518.020,-2.988,0.000,-4.053,0.000,4.053,518.020,0.000,1.272,0.000,Thermal|Downdraft,,,,
137.220,6.299,517.939,-2.988,0.000,-4.063,0.000,4.063,517.939,0.000,1.272,0.000,Thermal|Downdraft,,,,
137.240,6.299,517.858,-2.988,0.000,-4.073,0.000,4.073,517.858,0.000,1.272,0.000,Thermal|Downdraft,,,,
137.260,6.299,517.776,-2.988,0.000,-4.084,0.000,4.084,517.776,0.000,1.272,0.000,Thermal|Downdraft,,,,
137.280,6.299,517.694,-2.988,0.000,-4.094,0.000,4.094,517.694,0.000,1.272,0.000,Thermal|Downdraft,,,,
137.300,6.299,517.612,-2.988,0.000,-4.104,0.000,4.104,517.612,0.000,1.272,0.000,Thermal|Downdraft,,,,
137.320,6.299,517.530,-2.988,0.000,-4.114,0.000,4.114,517.530,0.000,1.272,0.000,Thermal|Downdraft,,,,
137.340,6.299,517.447,-2.988,0.000,-4.123,0.000,4.123,517.447,0.000,1.272,0.000,Thermal|Downdraft,,,,
137.360,6.299,517.365,-2.988,0.000,-4.133,0.000,4.133,517.365,0.000,1.272,0.000,Thermal|Downdraft,,,,
137.380,6.299,517.282,-2.988,0.000,-4.143,0.000,4.143,517.282,0.000,1.272,0.000,Thermal|Downdraft,,,,
137.400,6.299,517.199,-2.988,0.000,-4.152,0.000,4.152,517.199,0.000,1.272,0.000,Thermal|Downdraft,,,,
137.420,6.299,517.116,-2.988,0.000,-4.162,0.000,4.162,517.116,0.000,1.272,0.000,Thermal|Downdraft,,,,
137.440,6.299,517.032,-2.988,0.000,-4.171,0.000,4.171,517.032,0.000,1.272,0.000,Thermal|Downdraft,,,,
137.460,6.299,516.949,-2.988,0.000,-4.180,0.000,4.180,516.949,0.000,1.272,0.000,Thermal|Downdraft,,,,
137.480,6.299,516.865,-2.988,0.000,-4.189,0.000,4.189,516.865,0.000,1.272,0.000,Thermal|Downdraft,,,,
137.500,6.299,516.781,-2.988,0.000,-4.198,0.000,4.198,516.781,0.000,1.272,0.000,Thermal|Downdraft,,,,
137.520,6.299,516.697,-2.988,0.000,-4.207,0.000,4.207,516.697,0.000,1.272,0.000,Thermal|Downdraft,,,,
137.540,6.299,516.612,-2.988,0.000,-4.216,0.000,4.216,516.612,0.000,1.272,0.000,Thermal|Downdraft,,,,
137.560,6.299,516.528,-2.988,0.000,-4.225,0.000,4.225,516.528,0.000,1.272,0.000,Thermal|Downdraft,,,,
137.580,6.299,516.443,-2.988,0.000,-4.234,0.000,4.234,516.443,0.000,1.272,0.000,Thermal|Downdraft,,,,
137.600,6.299,516.358,-2.988,0.000,-4.242,0.000,4.242,516.358,0.000,1.272,0.000,Thermal|Downdraft,,,,
137.620,6.299,516.273,-2.988,0.000,-4.251,0.000,4.251,516.273,0.000,1.272,0.000,Thermal|Downdraft,,,,
137.640,6.299,516.188,-2.988,0.000,-4.259,0.000,4.259,516.188,0.000,1.272,0.000,Thermal|Downdraft,,,,
137.660,6.299,516.103,-2.988,0.000,-4.268,0.000,4.268,516.103,0.000,1.272,0.000,Thermal|Downdraft,,,,
137.680,6.299,516.017,-2.988,0.000,-4.276,0.000,4.276,516.017,0.000,1.272,0.000,Thermal|Downdraft,,,,
137.700,6.299,515.932,-2.988,0.000,-4.284,0.000,4.284,515.932,0.000,1.272,0.000,Thermal|Downdraft,,,,
137.720,6.299,515.846,-2.988,0.000,-4.292,0.000,4.292,515.846,0.000,1.272,0.000,Thermal|Downdraft,,,,
137.740,6.299,515.760,-2.988,0.000,-4.300,0.000,4.300,515.760,0.000,1.272,0.000,Thermal|Downdraft,,,,
137.760,6.299,515.673,-2.988,0.000,-4.308,0.000,4.308,515.673,0.000,1.272,0.000,Thermal|Downdraft,,,,
137.780,6.299,515.587,-2.988,0.000,-4.316,0.000,4.316,515.587,0.000,1.272,0.000,Thermal|Downdraft,,,,
137.800,6.299,515.501,-2.988,0.000,-4.324,0.000,4.324,515.501,0.000,1.272,0.000,Thermal|Downdraft,,,,
137.820,6.299,515.414,-2.988,0.000,-4.332,0.000,4.332,515.414,0.000,1.272,0.000,Thermal|Downdraft,,,,
137.840,6.299,515.327,-2.988,0.000,-4.339,0.000,4.339,515.327,0.000,1.272,0.000,Thermal|Downdraft,,,,
137.860,6.299,515.240,-2.988,0.000,-4.347,0.000,4.347,515.240,0.000,1.272,0.000,Thermal|Downdraft,,,,
137.880,6.299,515.153,-2.988,0.000,-4.354,0.000,4.354,515.153,0.000,1.272,0.000,Thermal|Downdraft,,,,
137.900,6.299,515.066,-2.988,0.000,-4.362,0.000,4.362,515.066,0.000,1.272,0.000,Thermal|Downdraft,,,,
137.920,6.299,514.979,-2.988,0.000,-4.369,0.000,4.369,514.979,0.000,1.272,0.000,Thermal|Downdraft,,,,
137.940,6.299,514.891,-2.988,0.000,-4.376,0.000,4.376,514.891,0.000,1.272,0.000,Thermal|Downdraft,,,,
137.960,6.299,514.803,-2.988,0.000,-4.384,0.000,4.384,514.803,0.000,1.272,0.000,Thermal|Downdraft,,,,
137.980,6.299,514.716,-2.988,0.000,-4.391,0.000,4.391,514.716,0.000,1.272,0.000,Thermal|Downdraft,,,,
138.000,6.299,514.628,-2.988,0.000,-4.398,0.000,4.398,514.628,0.000,1.272,0.000,Thermal|Downdraft,,,,
138.020,6.299,514.540,-2.988,0.000,-4.405,0.000,4.405,514.540,0.000,1.272,0.000,Thermal|Downdraft,,,,
138.040,6.299,514.451,-2.988,0.000,-4.412,0.000,4.412,514.451,0.000,1.272,0.000,Thermal|Downdraft,,,,
138.060,6.299,514.363,-2.988,0.000,-4.418,0.000,4.418,514.363,0.000,1.272,0.000,Thermal|Downdraft,,,,
138.080,6.299,514.274,-2.988,0.000,-4.425,0.000,4.425,514.274,0.000,1.272,0.000,Thermal|Downdraft,,,,
138.100,6.299,514.186,-2.988,0.000,-4.432,0.000,4.432,514.186,0.000,1.272,0.000,Thermal|Downdraft,,,,
138.120,6.299,514.097,-2.988,0.000,-4.439,0.000,4.439,514.097,0.000,1.272,0.000,Thermal|Downdraft,,,,
138.140,6.299,514.008,-2.988,0.000,-4.445,0.000,4.445,514.008,0.000,1.272,0.000,Thermal|Downdraft,,,,
138.160,6.299,513.919,-2.988,0.000,-4.452,0.000,4.452,513.919,0.000,1.272,0.000,Thermal|Downdraft,,,,
138.180,6.299,513.830,-2.988,0.000,-4.458,0.000,4.458,513.830,0.000,1.272,0.000,Thermal|Downdraft,,,,
138.200,6.299,513.741,-2.988,0.000,-4.464,0.000,4.464,513.741,0.000,1.272,0.000,Thermal|Downdraft,,,,
138.220,6.299,513.651,-2.988,0.000,-4.471,0.000,4.471,513.651,0.000,1.272,0.000,Thermal|Downdraft,,,,
138.240,6.299,513.562,-2.988,0.000,-4.477,0.000,4.477,513.562,0.000,1.272,0.000,Thermal|Downdraft,,,,
138.260,6.299,513.472,-2.988,0.000,-4.483,0.000,4.483,513.472,0.000,1.272,0.000,Thermal|Downdraft,,,,
138.280,6.299,513.382,-2.988,0.000,-4.489,0.000,4.489,513.382,0.000,1.272,0.000,Thermal|Downdraft,,,,
138.300,6.299,513.292,-2.988,0.000,-4.495,0.000,4.495,513.292,0.000,1.272,0.000,Thermal|Downdraft,,,,
138.320,6.299,513.202,-2.988,0.000,-4.501,0.000,4.501,513.202,0.000,1.272,0.000,Thermal|Downdraft,,,,
138.340,6.299,513.112,-2.988,0.000,-4.507,0.000,4.507,513.112,0.000,1.272,0.000,Thermal|Downdraft,,,,
138.360,6.299,513.022,-2.988,0.000,-4.513,0.000,4.513,513.022,0.000,1.272,0.000,Thermal|Downdraft,,,,
138.380,6.299,512.932,-2.988,0.000,-4.519,0.000,4.519,512.932,0.000,1.272,0.000,Thermal|Downdraft,,,,
138.400,6.299,512.841,-2.988,0.000,-4.525,0.000,4.525,512.841,0.000,1.272,0.000,Thermal|Downdraft,,,,
138.420,6.299,512.750,-2.988,0.000,-4.530,0.000,4.530,512.750,0.000,1.272,0.000,Thermal|Downdraft,,,,
138.440,6.299,512.660,-2.988,0.000,-4.536,0.000,4.536,512.660,0.000,1.272,0.000,Thermal|Downdraft,,,,
138.460,6.299,512.569,-2.988,0.000,-4.542,0.000,4.542,512.569,0.000,1.272,0.000,Thermal|Downdraft,,,,
138.480,6.299,512.478,-2.988,0.000,-4.547,0.000,4.547,512.478,0.000,1.272,0.000,Thermal|Downdraft,,,,
138.500,6.299,512.387,-2.988,0.000,-4.553,0.000,4.553,512.387,0.000,1.272,0.000,Thermal|Downdraft,,,,
138.520,6.299,512.296,-2.988,0.000,-4.558,0.000,4.558,512.296,0.000,1.272,0.000,Thermal|Downdraft,,,,
138.540,6.299,512.204,-2.988,0.000,-4.563,0.000,4.563,512.204,0.000,1.272,0.000,Thermal|Downdraft,,,,
138.560,6.299,512.113,-2.988,0.000,-4.569,0.000,4.569,512.113,0.000,1.272,0.000,Thermal|Downdraft,,,,
138.580,6.299,512.022,-2.988,0.000,-4.574,0.000,4.574,512.022,0.000,1.272,0.000,Thermal|Downdraft,,,,
138.600,6.299,511.930,-2.988,0.000,-4.579,0.000,4.579,511.930,0.000,1.272,0.000,Thermal|Downdraft,,,,
138.620,6.299,511.838,-2.988,0.000,-4.584,0.000,4.584,511.838,0.000,1.272,0.000,Thermal|Downdraft,,,,
138.640,6.299,511.746,-2.988,0.000,-4.590,0.000,4.590,511.746,0.000,1.272,0.000,Thermal|Downdraft,,,,
138.660,6.299,511.655,-2.988,0.000,-4.595,0.000,4.595,511.655,0.000,1.272,0.000,Thermal|Downdraft,,,,
138.680,6.299,511.563,-2.988,0.000,-4.600,0.000,4.600,511.563,0.000,1.272,0.000,Thermal|Downdraft,,,,
138.700,6.299,511.470,-2.988,0.000,-4.605,0.000,4.605,511.470,0.000,1.272,0.000,Thermal|Downdraft,,,,
138.720,6.299,511.378,-2.988,0.000,-4.609,0.000,4.609,511.378,0.000,1.272,0.000,Thermal|Downdraft,,,,
138.740,6.299,511.286,-2.988,0.000,-4.614,0.000,4.614,511.286,0.000,1.272,0.000,Thermal|Downdraft,,,,
138.760,6.299,511.194,-2.988,0.000,-4.619,0.000,4.619,511.194,0.000,1.272,0.000,Thermal|Downdraft,,,,
138.780,6.299,511.101,-2.988,0.000,-4.624,0.000,4.624,511.101,0.000,1.272,0.000,Thermal|Downdraft,,,,
138.800,6.299,511.009,-2.988,0.000,-4.629,0.000,4.629,511.009,0.000,1.272,0.000,Thermal|Downdraft,,,,
138.820,6.299,510.916,-2.988,0.000,-4.633,0.000,4.633,510.916,0.000,1.272,0.000,Thermal|Downdraft,,,,
138.840,6.299,510.823,-2.988,0.000,-4.638,0.000,4.638,510.823,0.000,1.272,0.000,Thermal|Downdraft,,,,
138.860,6.299,510.730,-2.988,0.000,-4.642,0.000,4.642,510.730,0.000,1.272,0.000,Thermal|Downdraft,,,,
138.880,6.299,510.637,-2.988,0.000,-4.647,0.000,4.647,510.637,0.000,1.272,0.000,Thermal|Downdraft,,,,
138.900,6.299,510.544,-2.988,0.000,-4.651,0.000,4.651,510.544,0.000,1.272,0.000,Thermal|Downdraft,,,,
138.920,6.299,510.451,-2.988,0.000,-4.656,0.000,4.656,510.451,0.000,1.272,0.000,Thermal|Downdraft,,,,
138.940,6.299,510.358,-2.988,0.000,-4.660,0.000,4.660,510.358,0.000,1.272,0.000,Thermal|Downdraft,,,,
138.960,6.299,510.265,-2.988,0.000,-4.665,0.000,4.665,510.265,0.000,1.272,0.000,Thermal|Downdraft,,,,
138.980,6.299,510.171,-2.988,0.000,-4.669,0.000,4.669,510.171,0.000,1.272,0.000,Thermal|Downdraft,,,,
139.000,6.299,510.078,-2.988,0.000,-4.673,0.000,4.673,510.078,0.000,1.272,0.000,Thermal|Downdraft,,,,
139.020,6.299,509.984,-2.988,0.000,-4.677,0.000,4.677,509.984,0.000,1.272,0.000,Thermal|Downdraft,,,,
139.040,6.299,509.891,-2.988,0.000,-4.682,0.000,4.682,509.891,0.000,1.272,0.000,Thermal|Downdraft,,,,
139.060,6.299,509.797,-2.988,0.000,-4.686,0.000,4.686,509.797,0.000,1.272,0.000,Thermal|Downdraft,,,,
139.080,6.299,509.703,-2.988,0.000,-4.690,0.000,4.690,509.703,0.000,1.272,0.000,Thermal|Downdraft,,,,
139.100,6.299,509.609,-2.988,0.000,-4.694,0.000,4.694,509.609,0.000,1.272,0.000,Thermal|Downdraft,,,,
139.120,6.299,509.515,-2.988,0.000,-4.698,0.000,4.698,509.515,0.000,1.272,0.000,Thermal|Downdraft,,,,
139.140,6.299,509.421,-2.988,0.000,-4.702,0.000,4.702,509.421,0.000,1.272,0.000,Thermal|Downdraft,,,,
139.160,6.299,509.327,-2.988,0.000,-4.706,0.000,4.706,509.327,0.000,1.272,0.000,Thermal|Downdraft,,,,
139.180,6.299,509.233,-2.988,0.000,-4.710,0.000,4.710,509.233,0.000,1.272,0.000,Thermal|Downdraft,,,,
139.200,6.299,509.139,-2.988,0.000,-4.714,0.000,4.714,509.139,0.000,1.272,0.000,Thermal|Downdraft,,,,
139.220,6.299,509.044,-2.988,0.000,-4.717,0.000,4.717,509.044,0.000,1.272,0.000,Thermal|Downdraft,,,,
139.240,6.299,508.950,-2.988,0.000,-4.721,0.000,4.721,508.950,0.000,1.272,0.000,Thermal|Downdraft,,,,
139.260,6.299,508.856,-2.988,0.000,-4.725,0.000,4.725,508.856,0.000,1.272,0.000,Thermal|Downdraft,,,,
139.280,6.299,508.761,-2.988,0.000,-4.729,0.000,4.729,508.761,0.000,1.272,0.000,Thermal|Downdraft,,,,
139.300,6.299,508.666,-2.988,0.000,-4.732,0.000,4.732,508.666,0.000,1.272,0.000,Thermal|Downdraft,,,,
139.320,6.299,508.572,-2.988,0.000,-4.736,0.000,4.736,508.572,0.000,1.272,0.000,Thermal|Downdraft,,,,
139.340,6.299,508.477,-2.988,0.000,-4.739,0.000,4.739,508.477,0.000,1.272,0.000,Thermal|Downdraft,,,,
139.360,6.299,508.382,-2.988,0.000,-4.743,0.000,4.743,508.382,0.000,1.272,0.000,Thermal|Downdraft,,,,
139.380,6.299,508.287,-2.988,0.000,-4.747,0.000,4.747,508.287,0.000,1.272,0.000,Thermal|Downdraft,,,,
139.400,6.299,508.192,-2.988,0.000,-4.750,0.000,4.750,508.192,0.000,1.272,0.000,Thermal|Downdraft,,,,
139.420,6.299,508.097,-2.988,0.000,-4.753,0.000,4.753,508.097,0.000,1.272,0.000,Thermal|Downdraft,,,,
139.440,6.299,508.002,-2.988,0.000,-4.757,0.000,4.757,508.002,0.000,1.272,0.000,Thermal|Downdraft,,,,
139.460,6.299,507.907,-2.988,0.000,-4.760,0.000,4.760,507.907,0.000,1.272,0.000,Thermal|Downdraft,,,,
139.480,6.299,507.811,-2.988,0.000,-4.764,0.000,4.764,507.811,0.000,1.272,0.000,Thermal|Downdraft,,,,
139.500,6.299,507.716,-2.988,0.000,-4.767,0.000,4.767,507.716,0.000,1.272,0.000,Thermal|Downdraft,,,,
139.520,6.299,507.621,-2.988,0.000,-4.770,0.000,4.770,507.621,0.000,1.272,0.000,Thermal|Downdraft,,,,
139.540,6.299,507.525,-2.988,0.000,-4.773,0.000,4.773,507.525,0.000,1.272,0.000,Thermal|Downdraft,,,,
139.560,6.299,507.430,-2.988,0.000,-4.777,0.000,4.777,507.430,0.000,1.272,0.000,Thermal|Downdraft,,,,
139.580,6.299,507.334,-2.988,0.000,-4.780,0.000,4.780,507.334,0.000,1.272,0.000,Thermal|Downdraft,,,,
139.600,6.299,507.238,-2.988,0.000,-4.783,0.000,4.783,507.238,0.000,1.272,0.000,Thermal|Downdraft,,,,
139.620,6.299,507.143,-2.988,0.000,-4.786,0.000,4.786,507.143,0.000,1.272,0.000,Thermal|Downdraft,,,,
139.640,6.299,507.047,-2.988,0.000,-4.789,0.000,4.789,507.047,0.000,1.272,0.000,Thermal|Downdraft,,,,
139.660,6.299,506.951,-2.988,0.000,-4.792,0.000,4.792,506.951,0.000,1.272,0.000,Thermal|Downdraft,,,,
139.680,6.299,506.855,-2.988,0.000,-4.795,0.000,4.795,506.855,0.000,1.272,0.000,Thermal|Downdraft,,,,
139.700,6.299,506.759,-2.988,0.000,-4.798,0.000,4.798,506.759,0.000,1.272,0.000,Thermal|Downdraft,,,,
139.720,6.299,506.663,-2.988,0.000,-4.801,0.000,4.801,506.663,0.000,1.272,0.000,Thermal|Downdraft,,,,
139.740,6.299,506.567,-2.988,0.000,-4.804,0.000,4.804,506.567,0.000,1.272,0.000,Thermal|Downdraft,,,,
139.760,6.299,506.471,-2.988,0.000,-4.807,0.000,4.807,506.471,0.000,1.272,0.000,Thermal|Downdraft,,,,
139.780,6.299,506.375,-2.988,0.000,-4.810,0.000,4.810,506.375,0.000,1.272,0.000,Thermal|Downdraft,,,,
139.800,6.299,506.278,-2.988,0.000,-4.813,0.000,4.813,506.278,0.000,1.272,0.000,Thermal|Downdraft,,,,
139.820,6.299,506.182,-2.988,0.000,-4.816,0.000,4.816,506.182,0.000,1.272,0.000,Thermal|Downdraft,,,,
139.840,6.299,506.086,-2.988,0.000,-4.819,0.000,4.819,506.086,0.000,1.272,0.000,Thermal|Downdraft,,,,
139.860,6.299,505.989,-2.988,0.000,-4.821,0.000,4.821,505.989,0.000,1.272,0.000,Thermal|Downdraft,,,,
139.880,6.299,505.893,-2.988,0.000,-4.824,0.000,4.824,505.893,0.000,1.272,0.000,Thermal|Downdraft,,,,
139.900,6.299,505.796,-2.988,0.000,-4.827,0.000,4.827,505.796,0.000,1.272,0.000,Thermal|Downdraft,,,,
139.920,6.299,505.700,-2.988,0.000,-4.829,0.000,4.829,505.700,0.000,1.272,0.000,Thermal|Downdraft,,,,
139.940,6.299,505.603,-2.988,0.000,-4.832,0.000,4.832,505.603,0.000,1.272,0.000,Thermal|Downdraft,,,,
139.960,6.299,505.506,-2.988,0.000,-4.835,0.000,4.835,505.506,0.000,1.272,0.000,Thermal|Downdraft,,,,
139.980,6.299,505.410,-2.988,0.000,-4.837,0.000,4.837,505.410,0.000,1.272,0.000,Thermal|Downdraft,,,,
140.000,6.299,505.313,-2.988,0.000,-4.840,0.000,4.840,505.313,0.000,1.272,0.000,Thermal|Downdraft,,,,
140.020,6.299,505.216,-2.988,0.000,-4.842,0.000,4.842,505.216,0.000,1.272,0.000,Thermal|Downdraft,,,,
140.040,6.299,505.119,-2.988,0.000,-4.845,0.000,4.845,505.119,0.000,1.272,0.000,Thermal|Downdraft,,,,
140.060,6.299,505.022,-2.988,0.000,-4.847,0.000,4.847,505.022,0.000,1.272,0.000,Thermal|Downdraft,,,,
140.080,6.299,504.925,-2.988,0.000,-4.850,0.000,4.850,504.925,0.000,1.272,0.000,Thermal|Downdraft,,,,
140.100,6.299,504.828,-2.988,0.000,-4.852,0.000,4.852,504.828,0.000,1.272,0.000,Thermal|Downdraft,,,,
140.120,6.299,504.731,-2.988,0.000,-4.855,0.000,4.855,504.731,0.000,1.272,0.000,Thermal|Downdraft,,,,
140.140,6.299,504.634,-2.988,0.000,-4.857,0.000,4.857,504.634,0.000,1.272,0.000,Thermal|Downdraft,,,,
140.160,6.299,504.537,-2.988,0.000,-4.860,0.000,4.860,504.537,0.000,1.272,0.000,Thermal|Downdraft,,,,
140.180,6.299,504.439,-2.988,0.000,-4.862,0.000,4.862,504.439,0.000,1.272,0.000,Thermal|Downdraft,,,,
140.200,6.299,504.342,-2.988,0.000,-4.864,0.000,4.864,504.342,0.000,1.272,0.000,Thermal|Downdraft,,,,
140.220,6.299,504.245,-2.988,0.000,-4.867,0.000,4.867,504.245,0.000,1.272,0.000,Thermal|Downdraft,,,,
140.240,6.299,504.147,-2.988,0.000,-4.869,0.000,4.869,504.147,0.000,1.272,0.000,Thermal|Downdraft,,,,
140.260,6.299,504.050,-2.988,0.000,-4.871,0.000,4.871,504.050,0.000,1.272,0.000,Thermal|Downdraft,,,,
140.280,6.299,503.952,-2.988,0.000,-4.873,0.000,4.873,503.952,0.000,1.272,0.000,Thermal|Downdraft,,,,
140.300,6.299,503.855,-2.988,0.000,-4.876,0.000,4.876,503.855,0.000,1.272,0.000,Thermal|Downdraft,,,,
140.320,6.299,503.757,-2.988,0.000,-4.878,0.000,4.878,503.757,0.000,1.272,0.000,Thermal|Downdraft,,,,
140.340,6.299,503.660,-2.988,0.000,-4.880,0.000,4.880,503.660,0.000,1.272,0.000,Thermal|Downdraft,,,,
140.360,6.299,503.562,-2.988,0.000,-4.882,0.000,4.882,503.562,0.000,1.272,0.000,Thermal|Downdraft,,,,
140.380,6.299,503.464,-2.988,0.000,-4.884,0.000,4.884,503.464,0.000,1.272,0.000,Thermal|Downdraft,,,,
140.400,6.299,503.367,-2.988,0.000,-4.886,0.000,4.886,503.367,0.000,1.272,0.000,Thermal|Downdraft,,,,
140.420,6.299,503.269,-2.988,0.000,-4.888,0.000,4.888,503.269,0.000,1.272,0.000,Thermal|Downdraft,,,,
140.440,6.299,503.171,-2.988,0.000,-4.891,0.000,4.891,503.171,0.000,1.272,0.000,Thermal|Downdraft,,,,
140.460,6.299,503.073,-2.988,0.000,-4.893,0.000,4.893,503.073,0.000,1.272,0.000,Thermal|Downdraft,,,,
140.480,6.299,502.975,-2.988,0.000,-4.895,0.000,4.895,502.975,0.000,1.272,0.000,Thermal|Downdraft,,,,
140.500,6.299,502.877,-2.988,0.000,-4.897,0.000,4.897,502.877,0.000,1.272,0.000,Thermal|Downdraft,,,,
140.520,6.299,502.780,-2.988,0.000,-4.899,0.000,4.899,502.780,0.000,1.272,0.000,Thermal|Downdraft,,,,
140.540,6.299,502.682,-2.988,0.000,-4.901,0.000,4.901,502.682,0.000,1.272,0.000,Thermal|Downdraft,,,,
140.560,6.299,502.583,-2.988,0.000,-4.903,0.000,4.903,502.583,0.000,1.272,0.000,Thermal|Downdraft,,,,
140.580,6.299,502.485,-2.988,0.000,-4.904,0.000,4.904,502.485,0.000,1.272,0.000,Thermal|Downdraft,,,,
140.600,6.299,502.387,-2.988,0.000,-4.906,0.000,4.906,502.387,0.000,1.272,0.000,Thermal|Downdraft,,,,
140.620,6.299,502.289,-2.988,0.000,-4.908,0.000,4.908,502.289,0.000,1.272,0.000,Thermal|Downdraft,,,,
140.640,6.299,502.191,-2.988,0.000,-4.910,0.000,4.910,502.191,0.000,1.272,0.000,Thermal|Downdraft,,,,
140.660,6.299,502.093,-2.988,0.000,-4.912,0.000,4.912,502.093,0.000,1.272,0.000,Thermal|Downdraft,,,,
140.680,6.299,501.994,-2.988,0.000,-4.914,0.000,4.914,501.994,0.000,1.272,0.000,Thermal|Downdraft,,,,
140.700,6.299,501.896,-2.988,0.000,-4.916,0.000,4.916,501.896,0.000,1.272,0.000,Thermal|Downdraft,,,,
140.720,6.299,501.798,-2.988,0.000,-4.917,0.000,4.917,501.798,0.000,1.272,0.000,Thermal|Downdraft,,,,
140.740,6.299,501.699,-2.988,0.000,-4.919,0.000,4.919,501.699,0.000,1.272,0.000,Thermal|Downdraft,,,,
140.760,6.299,501.601,-2.988,0.000,-4.921,0.000,4.921,501.601,0.000,1.272,0.000,Thermal|Downdraft,,,,
140.780,6.299,501.502,-2.988,0.000,-4.923,0.000,4.923,501.502,0.000,1.272,0.000,Thermal|Downdraft,,,,
140.800,6.299,501.404,-2.988,0.000,-4.924,0.000,4.924,501.404,0.000,1.272,0.000,Thermal|Downdraft,,,,
140.820,6.299,501.305,-2.988,0.000,-4.926,0.000,4.926,501.305,0.000,1.272,0.000,Thermal|Downdraft,,,,
140.840,6.299,501.207,-2.988,0.000,-4.928,0.000,4.928,501.207,0.000,1.272,0.000,Thermal|Downdraft,,,,
140.860,6.299,501.108,-2.988,0.000,-4.929,0.000,4.929,501.108,0.000,1.272,0.000,Thermal|Downdraft,,,,
140.880,6.299,501.010,-2.988,0.000,-4.931,0.000,4.931,501.010,0.000,1.272,0.000,Thermal|Downdraft,,,,
140.900,6.299,500.911,-2.988,0.000,-4.933,0.000,4.933,500.911,0.000,1.272,0.000,Thermal|Downdraft,,,,
140.920,6.299,500.812,-2.988,0.000,-4.934,0.000,4.934,500.812,0.000,1.272,0.000,Thermal|Downdraft,,,,
140.940,6.299,500.714,-2.988,0.000,-4.936,0.000,4.936,500.714,0.000,1.272,0.000,Thermal|Downdraft,,,,
140.960,6.299,500.615,-2.988,0.000,-4.938,0.000,4.938,500.615,0.000,1.272,0.000,Thermal|Downdraft,,,,
140.980,6.299,500.516,-2.988,0.000,-4.939,0.000,4.939,500.516,0.000,1.272,0.000,Thermal|Downdraft,,,,
141.000,6.299,500.417,-2.988,0.000,-4.941,0.000,4.941,500.417,0.000,1.272,0.000,Thermal|Downdraft,,,,
141.020,6.299,500.318,-2.988,0.000,-4.942,0.000,4.942,500.318,0.000,1.272,0.000,Thermal|Downdraft,,,,
141.040,6.299,500.220,-2.988,0.000,-4.944,0.000,4.944,500.220,0.000,1.272,0.000,Thermal|Downdraft,,,,
141.060,6.299,500.121,-2.988,0.000,-4.945,0.000,4.945,500.121,0.000,1.272,0.000,Thermal|Downdraft,,,,
141.080,6.299,500.022,-2.988,0.000,-4.947,0.000,4.947,500.022,0.000,1.272,0.000,Thermal|Downdraft,,,,
141.100,6.299,499.923,-2.988,0.000,-4.948,0.000,4.948,499.923,0.000,1.272,0.000,Thermal|Downdraft,,,,
141.120,6.299,499.824,-2.988,0.000,-4.950,0.000,4.950,499.824,0.000,1.272,0.000,Thermal|Downdraft,,,,
141.140,6.299,499.725,-2.988,0.000,-4.951,0.000,4.951,499.725,0.000,1.272,0.000,Thermal|Downdraft,,,,
141.160,6.299,499.626,-2.988,0.000,-4.953,0.000,4.953,499.626,0.000,1.272,0.000,Thermal|Downdraft,,,,
141.180,6.299,499.526,-2.988,0.000,-4.954,0.000,4.954,499.526,0.000,1.272,0.000,Thermal|Downdraft,,,,
141.200,6.299,499.427,-2.988,0.000,-4.955,0.000,4.955,499.427,0.000,1.272,0.000,Thermal|Downdraft,,,,
141.220,6.299,499.328,-2.988,0.000,-4.957,0.000,4.957,499.328,0.000,1.272,0.000,Thermal|Downdraft,,,,
141.240,6.299,499.229,-2.988,0.000,-4.958,0.000,4.958,499.229,0.000,1.272,0.000,Thermal|Downdraft,,,,
141.260,6.299,499.130,-2.988,0.000,-4.960,0.000,4.960,499.130,0.000,1.272,0.000,Thermal|Downdraft,,,,
141.280,6.299,499.031,-2.988,0.000,-4.961,0.000,4.961,499.031,0.000,1.272,0.000,Thermal|Downdraft,,,,
141.300,6.299,498.931,-2.988,0.000,-4.962,0.000,4.962,498.931,0.000,1.272,0.000,Thermal|Downdraft,,,,
141.320,6.299,498.832,-2.988,0.000,-4.964,0.000,4.964,498.832,0.000,1.272,0.000,Thermal|Downdraft,,,,
141.340,6.299,498.733,-2.988,0.000,-4.965,0.000,4.965,498.733,0.000,1.272,0.000,Thermal|Downdraft,,,,
141.360,6.299,498.633,-2.988,0.000,-4.966,0.000,4.966,498.633,0.000,1.272,0.000,Thermal|Downdraft,,,,
141.380,6.299,498.534,-2.988,0.000,-4.968,0.000,4.968,498.534,0.000,1.272,0.000,Thermal|Downdraft,,,,
141.400,6.299,498.435,-2.988,0.000,-4.969,0.000,4.969,498.435,0.000,1.272,0.000,Thermal|Downdraft,,,,
141.420,6.299,498.335,-2.988,0.000,-4.970,0.000,4.970,498.335,0.000,1.272,0.000,Thermal|Downdraft,,,,
141.440,6.299,498.236,-2.988,0.000,-4.971,0.000,4.971,498.236,0.000,1.272,0.000,Thermal|Downdraft,,,,
141.460,6.299,498.136,-2.988,0.000,-4.973,0.000,4.973,498.136,0.000,1.272,0.000,Thermal|Downdraft,,,,
141.480,6.299,498.037,-2.988,0.000,-4.974,0.000,4.974,498.037,0.000,1.272,0.000,Thermal|Downdraft,,,,
141.500,6.299,497.937,-2.988,0.000,-4.975,0.000,4.975,497.937,0.000,1.272,0.000,Thermal|Downdraft,,,,
141.520,6.299,497.838,-2.988,0.000,-4.976,0.000,4.976,497.838,0.000,1.272,0.000,Thermal|Downdraft,,,,
141.540,6.299,497.738,-2.988,0.000,-4.977,0.000,4.977,497.738,0.000,1.272,0.000,Thermal|Downdraft,,,,
141.560,6.299,497.639,-2.988,0.000,-4.979,0.000,4.979,497.639,0.000,1.272,0.000,Thermal|Downdraft,,,,
141.580,6.299,497.539,-2.988,0.000,-4.980,0.000,4.980,497.539,0.000,1.272,0.000,Thermal|Downdraft,,,,
141.600,6.299,497.440,-2.988,0.000,-4.981,0.000,4.981,497.440,0.000,1.272,0.000,Thermal|Downdraft,,,,
141.620,6.299,497.340,-2.988,0.000,-4.982,0.000,4.982,497.340,0.000,1.272,0.000,Thermal|Downdraft,,,,
141.640,6.299,497.240,-2.988,0.000,-4.983,0.000,4.983,497.240,0.000,1.272,0.000,Thermal|Downdraft,,,,
141.660,6.299,497.141,-2.988,0.000,-4.984,0.000,4.984,497.141,0.000,1.272,0.000,Thermal|Downdraft,,,,
141.680,6.299,497.041,-2.988,0.000,-4.985,0.000,4.985,497.041,0.000,1.272,0.000,Thermal|Downdraft,,,,
141.700,6.299,496.941,-2.988,0.000,-4.987,0.000,4.987,496.941,0.000,1.272,0.000,Thermal|Downdraft,,,,
141.720,6.299,496.841,-2.988,0.000,-4.988,0.000,4.988,496.841,0.000,1.272,0.000,Thermal|Downdraft,,,,
141.740,6.299,496.742,-2.988,0.000,-4.989,0.000,4.989,496.742,0.000,1.272,0.000,Thermal|Downdraft,,,,
141.760,6.299,496.642,-2.988,0.000,-4.990,0.000,4.990,496.642,0.000,1.272,0.000,Thermal|Downdraft,,,,
141.780,6.299,496.542,-2.988,0.000,-4.991,0.000,4.991,496.542,0.000,1.272,0.000,Thermal|Downdraft,,,,
141.800,6.299,496.442,-2.988,0.000,-4.992,0.000,4.992,496.442,0.000,1.272,0.000,Thermal|Downdraft,,,,
141.820,6.299,496.342,-2.988,0.000,-4.993,0.000,4.993,496.342,0.000,1.272,0.000,Thermal|Downdraft,,,,
141.840,6.299,496.242,-2.988,0.000,-4.994,0.000,4.994,496.242,0.000,1.272,0.000,Thermal|Downdraft,,,,
141.860,6.299,496.143,-2.988,0.000,-4.995,0.000,4.995,496.143,0.000,1.272,0.000,Thermal|Downdraft,,,,
141.880,6.299,496.043,-2.988,0.000,-4.996,0.000,4.996,496.043,0.000,1.272,0.000,Thermal|Downdraft,,,,
141.900,6.299,495.943,-2.988,0.000,-4.997,0.000,4.997,495.943,0.000,1.272,0.000,Thermal|Downdraft,,,,
141.920,6.299,495.843,-2.988,0.000,-4.998,0.000,4.998,495.843,0.000,1.272,0.000,Thermal|Downdraft,,,,
141.940,6.299,495.743,-2.988,0.000,-4.999,0.000,4.999,495.743,0.000,1.272,0.000,Thermal|Downdraft,,,,
141.960,6.299,495.643,-2.988,0.000,-5.000,0.000,5.000,495.643,0.000,1.272,0.000,Thermal|Downdraft,,,,
141.980,6.299,495.543,-2.988,0.000,-5.001,0.000,5.001,495.543,0.000,1.272,0.000,Thermal|Downdraft,,,,
142.000,6.299,495.443,-2.988,0.000,-5.002,0.000,5.002,495.443,0.000,1.272,0.000,Thermal|Downdraft,,,,
142.020,6.299,495.343,-2.988,0.000,-5.003,0.000,5.003,495.343,0.000,1.272,0.000,Thermal|Downdraft,,,,
142.040,6.299,495.243,-2.988,0.000,-5.004,0.000,5.004,495.243,0.000,1.272,0.000,Thermal|Downdraft,,,,
142.060,6.299,495.143,-2.988,0.000,-5.005,0.000,5.005,495.143,0.000,1.272,0.000,Thermal|Downdraft,,,,
142.080,6.299,495.042,-2.988,0.000,-5.005,0.000,5.005,495.042,0.000,1.272,0.000,Thermal|Downdraft,,,,
142.100,6.299,494.942,-2.988,0.000,-5.006,0.000,5.006,494.942,0.000,1.272,0.000,Thermal|Downdraft,,,,
142.120,6.299,494.842,-2.988,0.000,-5.007,0.000,5.007,494.842,0.000,1.272,0.000,Thermal|Downdraft,,,,
142.140,6.299,494.742,-2.988,0.000,-5.008,0.000,5.008,494.742,0.000,1.272,0.000,Thermal|Downdraft,,,,
142.160,6.299,494.642,-2.988,0.000,-5.009,0.000,5.009,494.642,0.000,1.272,0.000,Thermal|Downdraft,,,,
142.180,6.299,494.542,-2.988,0.000,-5.010,0.000,5.010,494.542,0.000,1.272,0.000,Thermal|Downdraft,,,,
142.200,6.299,494.441,-2.988,0.000,-5.011,0.000,5.011,494.441,0.000,1.272,0.000,Thermal|Downdraft,,,,
142.220,6.299,494.341,-2.988,0.000,-5.012,0.000,5.012,494.341,0.000,1.272,0.000,Thermal|Downdraft,,,,
142.240,6.299,494.241,-2.988,0.000,-5.012,0.000,5.012,494.241,0.000,1.272,0.000,Thermal|Downdraft,,,,
142.260,6.299,494.141,-2.988,0.000,-5.013,0.000,5.013,494.141,0.000,1.272,0.000,Thermal|Downdraft,,,,
142.280,6.299,494.040,-2.988,0.000,-5.014,0.000,5.014,494.040,0.000,1.272,0.000,Thermal|Downdraft,,,,
142.300,6.299,493.940,-2.988,0.000,-5.015,0.000,5.015,493.940,0.000,1.272,0.000,Thermal|Downdraft,,,,
142.320,6.299,493.840,-2.988,0.000,-5.016,0.000,5.016,493.840,0.000,1.272,0.000,Thermal|Downdraft,,,,
142.340,6.299,493.739,-2.988,0.000,-5.016,0.000,5.016,493.739,0.000,1.272,0.000,Thermal|Downdraft,,,,
142.360,6.299,493.639,-2.988,0.000,-5.017,0.000,5.017,493.639,0.000,1.272,0.000,Thermal|Downdraft,,,,
142.380,6.299,493.539,-2.988,0.000,-5.018,0.000,5.018,493.539,0.000,1.272,0.000,Thermal|Downdraft,,,,
142.400,6.299,493.438,-2.988,0.000,-5.019,0.000,5.019,493.438,0.000,1.272,0.000,Thermal|Downdraft,,,,
142.420,6.299,493.338,-2.988,0.000,-5.020,0.000,5.020,493.338,0.000,1.272,0.000,Thermal|Downdraft,,,,
142.440,6.299,493.238,-2.988,0.000,-5.020,0.000,5.020,493.238,0.000,1.272,0.000,Thermal|Downdraft,,,,
142.460,6.299,493.137,-2.988,0.000,-5.021,0.000,5.021,493.137,0.000,1.272,0.000,Thermal|Downdraft,,,,
142.480,6.299,493.037,-2.988,0.000,-5.022,0.000,5.022,493.037,0.000,1.272,0.000,Thermal|Downdraft,,,,
142.500,6.299,492.936,-2.988,0.000,-5.022,0.000,5.022,492.936,0.000,1.272,0.000,Thermal|Downdraft,,,,
142.520,6.299,492.836,-2.988,0.000,-5.023,0.000,5.023,492.836,0.000,1.272,0.000,Thermal|Downdraft,,,,
142.540,6.299,492.735,-2.988,0.000,-5.024,0.000,5.024,492.735,0.000,1.272,0.000,Thermal|Downdraft,,,,
142.560,6.299,492.635,-2.988,0.000,-5.025,0.000,5.025,492.635,0.000,1.272,0.000,Thermal|Downdraft,,,,
142.580,6.299,492.534,-2.988,0.000,-5.025,0.000,5.025,492.534,0.000,1.272,0.000,Thermal|Downdraft,,,,
142.600,6.299,492.434,-2.988,0.000,-5.026,0.000,5.026,492.434,0.000,1.272,0.000,Thermal|Downdraft,,,,
142.620,6.299,492.333,-2.988,0.000,-5.027,0.000,5.027,492.333,0.000,1.272,0.000,Thermal|Downdraft,,,,
142.640,6.299,492.233,-2.988,0.000,-5.027,0.000,5.027,492.233,0.000,1.272,0.000,Thermal|Downdraft,,,,
142.660,6.299,492.132,-2.988,0.000,-5.028,0.000,5.028,492.132,0.000,1.272,0.000,Thermal|Downdraft,,,,
142.680,6.299,492.032,-2.988,0.000,-5.029,0.000,5.029,492.032,0.000,1.272,0.000,Thermal|Downdraft,,,,
142.700,6.299,491.931,-2.988,0.000,-5.029,0.000,5.029,491.931,0.000,1.272,0.000,Thermal|Downdraft,,,,
142.720,6.299,491.830,-2.988,0.000,-5.030,0.000,5.030,491.830,0.000,1.272,0.000,Thermal|Downdraft,,,,
142.740,6.299,491.730,-2.988,0.000,-5.031,0.000,5.031,491.730,0.000,1.272,0.000,Thermal|Downdraft,,,,
142.760,6.299,491.629,-2.988,0.000,-5.031,0.000,5.031,491.629,0.000,1.272,0.000,Thermal|Downdraft,,,,
142.780,6.299,491.528,-2.988,0.000,-5.032,0.000,5.032,491.528,0.000,1.272,0.000,Thermal|Downdraft,,,,
142.800,6.299,491.428,-2.988,0.000,-5.033,0.000,5.033,491.428,0.000,1.272,0.000,Thermal|Downdraft,,,,
142.820,6.299,491.327,-2.988,0.000,-5.033,0.000,5.033,491.327,0.000,1.272,0.000,Thermal|Downdraft,,,,
142.840,6.299,491.226,-2.988,0.000,-5.034,0.000,5.034,491.226,0.000,1.272,0.000,Thermal|Downdraft,,,,
142.860,6.299,491.126,-2.988,0.000,-5.035,0.000,5.035,491.126,0.000,1.272,0.000,Thermal|Downdraft,,,,
142.880,6.299,491.025,-2.988,0.000,-5.035,0.000,5.035,491.025,0.000,1.272,0.000,Thermal|Downdraft,,,,
142.900,6.299,490.924,-2.988,0.000,-5.036,0.000,5.036,490.924,0.000,1.272,0.000,Thermal|Downdraft,,,,
142.920,6.299,490.824,-2.988,0.000,-5.036,0.000,5.036,490.824,0.000,1.272,0.000,Thermal|Downdraft,,,,
142.940,6.299,490.723,-2.988,0.000,-5.037,0.000,5.037,490.723,0.000,1.272,0.000,Thermal|Downdraft,,,,
142.960,6.299,490.622,-2.988,0.000,-5.038,0.000,5.038,490.622,0.000,1.272,0.000,Thermal|Downdraft,,,,
142.980,6.299,490.521,-2.988,0.000,-5.038,0.000,5.038,490.521,0.000,1.272,0.000,Thermal|Downdraft,,,,
143.000,6.299,490.421,-2.988,0.000,-5.039,0.000,5.039,490.421,0.000,1.272,0.000,Thermal|Downdraft,,,,
143.020,6.299,490.320,-2.988,0.000,-5.039,0.000,5.039,490.320,0.000,1.272,0.000,Thermal|Downdraft,,,,
143.040,6.299,490.219,-2.988,0.000,-5.040,0.000,5.040,490.219,0.000,1.272,0.000,Thermal|Downdraft,,,,
143.060,6.299,490.118,-2.988,0.000,-5.040,0.000,5.040,490.118,0.000,1.272,0.000,Thermal|Downdraft,,,,
143.080,6.299,490.017,-2.988,0.000,-5.041,0.000,5.041,490.017,0.000,1.272,0.000,Thermal|Downdraft,,,,
143.100,6.299,489.917,-2.988,0.000,-5.041,0.000,5.041,489.917,0.000,1.272,0.000,Thermal|Downdraft,,,,
143.120,6.299,489.816,-2.988,0.000,-5.042,0.000,5.042,489.816,0.000,1.272,0.000,Thermal|Downdraft,,,,
143.140,6.299,489.715,-2.988,0.000,-5.042,0.000,5.042,489.715,0.000,1.272,0.000,Thermal|Downdraft,,,,
143.160,6.299,489.614,-2.988,0.000,-5.043,0.000,5.043,489.614,0.000,1.272,0.000,Thermal|Downdraft,,,,
143.180,6.299,489.513,-2.988,0.000,-5.044,0.000,5.044,489.513,0.000,1.272,0.000,Thermal|Downdraft,,,,
143.200,6.299,489.412,-2.988,0.000,-5.044,0.000,5.044,489.412,0.000,1.272,0.000,Thermal|Downdraft,,,,
143.220,6.299,489.311,-2.988,0.000,-5.045,0.000,5.045,489.311,0.000,1.272,0.000,Thermal|Downdraft,,,,
143.240,6.299,489.210,-2.988,0.000,-5.045,0.000,5.045,489.210,0.000,1.272,0.000,Thermal|Downdraft,,,,
143.260,6.299,489.110,-2.988,0.000,-5.046,0.000,5.046,489.110,0.000,1.272,0.000,Thermal|Downdraft,,,,
143.280,6.299,489.009,-2.988,0.000,-5.046,0.000,5.046,489.009,0.000,1.272,0.000,Thermal|Downdraft,,,,
143.300,6.299,488.908,-2.988,0.000,-5.047,0.000,5.047,488.908,0.000,1.272,0.000,Thermal|Downdraft,,,,
143.320,6.299,488.807,-2.988,0.000,-5.047,0.000,5.047,488.807,0.000,1.272,0.000,Thermal|Downdraft,,,,
143.340,6.299,488.706,-2.988,0.000,-5.048,0.000,5.048,488.706,0.000,1.272,0.000,Thermal|Downdraft,,,,
143.360,6.299,488.605,-2.988,0.000,-5.048,0.000,5.048,488.605,0.000,1.272,0.000,Thermal|Downdraft,,,,
143.380,6.299,488.504,-2.988,0.000,-5.048,0.000,5.048,488.504,0.000,1.272,0.000,Thermal|Downdraft,,,,
143.400,6.299,488.403,-2.988,0.000,-5.049,0.000,5.049,488.403,0.000,1.272,0.000,Thermal|Downdraft,,,,
143.420,6.299,488.302,-2.988,0.000,-5.049,0.000,5.049,488.302,0.000,1.272,0.000,Thermal|Downdraft,,,,
143.440,6.299,488.201,-2.988,0.000,-5.050,0.000,5.050,488.201,0.000,1.272,0.000,Thermal|Downdraft,,,,
143.460,6.299,488.100,-2.988,0.000,-5.050,0.000,5.050,488.100,0.000,1.272,0.000,Thermal|Downdraft,,,,
143.480,6.299,487.999,-2.988,0.000,-5.051,0.000,5.051,487.999,0.000,1.272,0.000,Thermal|Downdraft,,,,
143.500,6.299,487.898,-2.988,0.000,-5.051,0.000,5.051,487.898,0.000,1.272,0.000,Thermal|Downdraft,,,,
143.520,6.299,487.797,-2.988,0.000,-5.052,0.000,5.052,487.797,0.000,1.272,0.000,Thermal|Downdraft,,,,
143.540,6.299,487.696,-2.988,0.000,-5.052,0.000,5.052,487.696,0.000,1.272,0.000,Thermal|Downdraft,,,,
143.560,6.299,487.595,-2.988,0.000,-5.053,0.000,5.053,487.595,0.000,1.272,0.000,Thermal|Downdraft,,,,
143.580,6.299,487.494,-2.988,0.000,-5.053,0.000,5.053,487.494,0.000,1.272,0.000,Thermal|Downdraft,,,,
143.600,6.299,487.393,-2.988,0.000,-5.053,0.000,5.053,487.393,0.000,1.272,0.000,Thermal|Downdraft,,,,
143.620,6.299,487.292,-2.988,0.000,-5.054,0.000,5.054,487.292,0.000,1.272,0.000,Thermal|Downdraft,,,,
143.640,6.299,487.190,-2.988,0.000,-5.054,0.000,5.054,487.190,0.000,1.272,0.000,Thermal|Downdraft,,,,
143.660,6.299,487.089,-2.988,0.000,-5.055,0.000,5.055,487.089,0.000,1.272,0.000,Thermal|Downdraft,,,,
143.680,6.299,486.988,-2.988,0.000,-5.055,0.000,5.055,486.988,0.000,1.272,0.000,Thermal|Downdraft,,,,
143.700,6.299,486.887,-2.988,0.000,-5.055,0.000,5.055,486.887,0.000,1.272,0.000,Thermal|Downdraft,,,,
143.720,6.299,486.786,-2.988,0.000,-5.056,0.000,5.056,486.786,0.000,1.272,0.000,Thermal|Downdraft,,,,
143.740,6.299,486.685,-2.988,0.000,-5.056,0.000,5.056,486.685,0.000,1.272,0.000,Thermal|Downdraft,,,,
143.760,6.299,486.584,-2.988,0.000,-5.057,0.000,5.057,486.584,0.000,1.272,0.000,Thermal|Downdraft,,,,
143.780,6.299,486.483,-2.988,0.000,-5.057,0.000,5.057,486.483,0.000,1.272,0.000,Thermal|Downdraft,,,,
143.800,6.299,486.382,-2.988,0.000,-5.057,0.000,5.057,486.382,0.000,1.272,0.000,Thermal|Downdraft,,,,
143.820,6.299,486.280,-2.988,0.000,-5.058,0.000,5.058,486.280,0.000,1.272,0.000,Thermal|Downdraft,,,,
143.840,6.299,486.179,-2.988,0.000,-5.058,0.000,5.058,486.179,0.000,1.272,0.000,Thermal|Downdraft,,,,
143.860,6.299,486.078,-2.988,0.000,-5.058,0.000,5.058,486.078,0.000,1.272,0.000,Thermal|Downdraft,,,,
143.880,6.299,485.977,-2.988,0.000,-5.059,0.000,5.059,485.977,0.000,1.272,0.000,Thermal|Downdraft,,,,
143.900,6.299,485.876,-2.988,0.000,-5.059,0.000,5.059,485.876,0.000,1.272,0.000,Thermal|Downdraft,,,,
143.920,6.299,485.774,-2.988,0.000,-5.060,0.000,5.060,485.774,0.000,1.272,0.000,Thermal|Downdraft,,,,
143.940,6.299,485.673,-2.988,0.000,-5.060,0.000,5.060,485.673,0.000,1.272,0.000,Thermal|Downdraft,,,,
143.960,6.299,485.572,-2.988,0.000,-5.060,0.000,5.060,485.572,0.000,1.272,0.000,Thermal|Downdraft,,,,
143.980,6.299,485.471,-2.988,0.000,-5.061,0.000,5.061,485.471,0.000,1.272,0.000,Thermal|Downdraft,,,,
144.000,6.299,485.370,-2.988,0.000,-5.061,0.000,5.061,485.370,0.000,1.272,0.000,Thermal|Downdraft,,,,
144.020,6.299,485.268,-2.988,0.000,-5.061,0.000,5.061,485.268,0.000,1.272,0.000,Thermal|Downdraft,,,,
144.040,6.299,485.167,-2.988,0.000,-5.062,0.000,5.062,485.167,0.000,1.272,0.000,Thermal|Downdraft,,,,
144.060,6.299,485.066,-2.988,0.000,-5.062,0.000,5.062,485.066,0.000,1.272,0.000,Thermal|Downdraft,,,,
144.080,6.299,484.965,-2.988,0.000,-5.062,0.000,5.062,484.965,0.000,1.272,0.000,Thermal|Downdraft,,,,
144.100,6.299,484.863,-2.988,0.000,-5.063,0.000,5.063,484.863,0.000,1.272,0.000,Thermal|Downdraft,,,,
144.120,6.299,484.762,-2.988,0.000,-5.063,0.000,5.063,484.762,0.000,1.272,0.000,Thermal|Downdraft,,,,
144.140,6.299,484.661,-2.988,0.000,-5.063,0.000,5.063,484.661,0.000,1.272,0.000,Thermal|Downdraft,,,,
144.160,6.299,484.560,-2.988,0.000,-5.064,0.000,5.064,484.560,0.000,1.272,0.000,Thermal|Downdraft,,,,
144.180,6.299,484.458,-2.988,0.000,-5.064,0.000,5.064,484.458,0.000,1.272,0.000,Thermal|Downdraft,,,,
144.200,6.299,484.357,-2.988,0.000,-5.064,0.000,5.064,484.357,0.000,1.272,0.000,Thermal|Downdraft,,,,
144.220,6.299,484.256,-2.988,0.000,-5.065,0.000,5.065,484.256,0.000,1.272,0.000,Thermal|Downdraft,,,,
144.240,6.299,484.154,-2.988,0.000,-5.065,0.000,5.065,484.154,0.000,1.272,0.000,Thermal|Downdraft,,,,
144.260,6.299,484.053,-2.988,0.000,-5.065,0.000,5.065,484.053,0.000,1.272,0.000,Thermal|Downdraft,,,,
144.280,6.299,483.952,-2.988,0.000,-5.065,0.000,5.065,483.952,0.000,1.272,0.000,Thermal|Downdraft,,,,
144.300,6.299,483.851,-2.988,0.000,-5.066,0.000,5.066,483.851,0.000,1.272,0.000,Thermal|Downdraft,,,,
144.320,6.299,483.749,-2.988,0.000,-5.066,0.000,5.066,483.749,0.000,1.272,0.000,Thermal|Downdraft,,,,
144.340,6.299,483.648,-2.988,0.000,-5.066,0.000,5.066,483.648,0.000,1.272,0.000,Thermal|Downdraft,,,,
144.360,6.299,483.547,-2.988,0.000,-5.067,0.000,5.067,483.547,0.000,1.272,0.000,Thermal|Downdraft,,,,
144.380,6.299,483.445,-2.988,0.000,-5.067,0.000,5.067,483.445,0.000,1.272,0.000,Thermal|Downdraft,,,,
144.400,6.299,483.344,-2.988,0.000,-5.067,0.000,5.067,483.344,0.000,1.272,0.000,Thermal|Downdraft,,,,
144.420,6.299,483.243,-2.988,0.000,-5.067,0.000,5.067,483.243,0.000,1.272,0.000,Thermal|Downdraft,,,,
144.440,6.299,483.141,-2.988,0.000,-5.068,0.000,5.068,483.141,0.000,1.272,0.000,Thermal|Downdraft,,,,
144.460,6.299,483.040,-2.988,0.000,-5.068,0.000,5.068,483.040,0.000,1.272,0.000,Thermal|Downdraft,,,,
144.480,6.299,482.938,-2.988,0.000,-5.068,0.000,5.068,482.938,0.000,1.272,0.000,Thermal|Downdraft,,,,
144.500,6.299,482.837,-2.988,0.000,-5.069,0.000,5.069,482.837,0.000,1.272,0.000,Thermal|Downdraft,,,,
144.520,6.299,482.736,-2.988,0.000,-5.069,0.000,5.069,482.736,0.000,1.272,0.000,Thermal|Downdraft,,,,
144.540,6.299,482.634,-2.988,0.000,-5.069,0.000,5.069,482.634,0.000,1.272,0.000,Thermal|Downdraft,,,,
144.560,6.299,482.533,-2.988,0.000,-5.069,0.000,5.069,482.533,0.000,1.272,0.000,Thermal|Downdraft,,,,
144.580,6.299,482.432,-2.988,0.000,-5.070,0.000,5.070,482.432,0.000,1.272,0.000,Thermal|Downdraft,,,,
144.600,6.299,482.330,-2.988,0.000,-5.070,0.000,5.070,482.330,0.000,1.272,0.000,Thermal|Downdraft,,,,
144.620,6.299,482.229,-2.988,0.000,-5.070,0.000,5.070,482.229,0.000,1.272,0.000,Thermal|Downdraft,,,,
144.640,6.299,482.127,-2.988,0.000,-5.070,0.000,5.070,482.127,0.000,1.272,0.000,Thermal|Downdraft,,,,
144.660,6.299,482.026,-2.988,0.000,-5.071,0.000,5.071,482.026,0.000,1.272,0.000,Thermal|Downdraft,,,,
144.680,6.299,481.925,-2.988,0.000,-5.071,0.000,5.071,481.925,0.000,1.272,0.000,Thermal|Downdraft,,,,
144.700,6.299,481.823,-2.988,0.000,-5.071,0.000,5.071,481.823,0.000,1.272,0.000,Thermal|Downdraft,,,,
144.720,6.299,481.722,-2.988,0.000,-5.071,0.000,5.071,481.722,0.000,1.272,0.000,Thermal|Downdraft,,,,
144.740,6.299,481.620,-2.988,0.000,-5.072,0.000,5.072,481.620,0.000,1.272,0.000,Thermal|Downdraft,,,,
144.760,6.299,481.519,-2.988,0.000,-5.072,0.000,5.072,481.519,0.000,1.272,0.000,Thermal|Downdraft,,,,
144.780,6.299,481.417,-2.988,0.000,-5.072,0.000,5.072,481.417,0.000,1.272,0.000,Thermal|Downdraft,,,,
144.800,6.299,481.316,-2.988,0.000,-5.072,0.000,5.072,481.316,0.000,1.272,0.000,Thermal|Downdraft,,,,
144.820,6.299,481.214,-2.988,0.000,-5.073,0.000,5.073,481.214,0.000,1.272,0.000,Thermal|Downdraft,,,,
144.840,6.299,481.113,-2.988,0.000,-5.073,0.000,5.073,481.113,0.000,1.272,0.000,Thermal|Downdraft,,,,
144.860,6.299,481.012,-2.988,0.000,-5.073,0.000,5.073,481.012,0.000,1.272,0.000,Thermal|Downdraft,,,,
144.880,6.299,480.910,-2.988,0.000,-5.073,0.000,5.073,480.910,0.000,1.272,0.000,Thermal|Downdraft,,,,
144.900,6.299,480.809,-2.988,0.000,-5.073,0.000,5.073,480.809,0.000,1.272,0.000,Thermal|Downdraft,,,,
144.920,6.299,480.707,-2.988,0.000,-5.074,0.000,5.074,480.707,0.000,1.272,0.000,Thermal|Downdraft,,,,
144.940,6.299,480.606,-2.988,0.000,-5.074,0.000,5.074,480.606,0.000,1.272,0.000,Thermal|Downdraft,,,,
144.960,6.299,480.504,-2.988,0.000,-5.074,0.000,5.074,480.504,0.000,1.272,0.000,Thermal|Downdraft,,,,
144.980,6.299,480.403,-2.988,0.000,-5.074,0.000,5.074,480.403,0.000,1.272,0.000,Thermal|Downdraft,,,,
145.000,6.299,480.301,-2.988,0.000,-5.074,0.000,5.074,480.301,0.000,1.272,0.000,Thermal|Downdraft,,,,
145.020,6.299,480.200,-2.988,0.000,-5.075,0.000,5.075,480.200,0.000,1.272,0.000,Thermal|Downdraft,,,,
145.040,6.299,480.098,-2.988,0.000,-5.075,0.000,5.075,480.098,0.000,1.272,0.000,Thermal|Downdraft,,,,
145.060,6.299,479.997,-2.988,0.000,-5.075,0.000,5.075,479.997,0.000,1.272,0.000,Thermal|Downdraft,,,,
145.080,6.299,479.895,-2.988,0.000,-5.075,0.000,5.075,479.895,0.000,1.272,0.000,Thermal|Downdraft,,,,
145.100,6.299,479.794,-2.988,0.000,-5.076,0.000,5.076,479.794,0.000,1.272,0.000,Thermal|Downdraft,,,,
145.120,6.299,479.692,-2.988,0.000,-5.076,0.000,5.076,479.692,0.000,1.272,0.000,Thermal|Downdraft,,,,
145.140,6.299,479.591,-2.988,0.000,-5.076,0.000,5.076,479.591,0.000,1.272,0.000,Thermal|Downdraft,,,,
145.160,6.299,479.489,-2.988,0.000,-5.076,0.000,5.076,479.489,0.000,1.272,0.000,Thermal|Downdraft,,,,
145.180,6.299,479.388,-2.988,0.000,-5.076,0.000,5.076,479.388,0.000,1.272,0.000,Thermal|Downdraft,,,,
145.200,6.299,479.286,-2.988,0.000,-5.076,0.000,5.076,479.286,0.000,1.272,0.000,Thermal|Downdraft,,,,
145.220,6.299,479.185,-2.988,0.000,-5.077,0.000,5.077,479.185,0.000,1.272,0.000,Thermal|Downdraft,,,,
145.240,6.299,479.083,-2.988,0.000,-5.077,0.000,5.077,479.083,0.000,1.272,0.000,Thermal|Downdraft,,,,
145.260,6.299,478.981,-2.988,0.000,-5.077,0.000,5.077,478.981,0.000,1.272,0.000,Thermal|Downdraft,,,,
145.280,6.299,478.880,-2.988,0.000,-5.077,0.000,5.077,478.880,0.000,1.272,0.000,Thermal|Downdraft,,,,
145.300,6.299,478.778,-2.988,0.000,-5.077,0.000,5.077,478.778,0.000,1.272,0.000,Thermal|Downdraft,,,,
145.320,6.299,478.677,-2.988,0.000,-5.078,0.000,5.078,478.677,0.000,1.272,0.000,Thermal|Downdraft,,,,
145.340,6.299,478.575,-2.988,0.000,-5.078,0.000,5.078,478.575,0.000,1.272,0.000,Thermal|Downdraft,,,,
145.360,6.299,478.474,-2.988,0.000,-5.078,0.000,5.078,478.474,0.000,1.272,0.000,Thermal|Downdraft,,,,
145.380,6.299,478.372,-2.988,0.000,-5.078,0.000,5.078,478.372,0.000,1.272,0.000,Thermal|Downdraft,,,,
145.400,6.299,478.271,-2.988,0.000,-5.078,0.000,5.078,478.271,0.000,1.272,0.000,Thermal|Downdraft,,,,
145.420,6.299,478.169,-2.988,0.000,-5.078,0.000,5.078,478.169,0.000,1.272,0.000,Thermal|Downdraft,,,,
145.440,6.299,478.067,-2.988,0.000,-5.079,0.000,5.079,478.067,0.000,1.272,0.000,Thermal|Downdraft,,,,
145.460,6.299,477.966,-2.988,0.000,-5.079,0.000,5.079,477.966,0.000,1.272,0.000,Thermal|Downdraft,,,,
145.480,6.299,477.864,-2.988,0.000,-5.079,0.000,5.079,477.864,0.000,1.272,0.000,Thermal|Downdraft,,,,
145.500,6.299,477.763,-2.988,0.000,-5.079,0.000,5.079,477.763,0.000,1.272,0.000,Thermal|Downdraft,,,,
145.520,6.299,477.661,-2.988,0.000,-5.079,0.000,5.079,477.661,0.000,1.272,0.000,Thermal|Downdraft,,,,
145.540,6.299,477.560,-2.988,0.000,-5.079,0.000,5.079,477.560,0.000,1.272,0.000,Thermal|Downdraft,,,,
145.560,6.299,477.458,-2.988,0.000,-5.080,0.000,5.080,477.458,0.000,1.272,0.000,Thermal|Downdraft,,,,
145.580,6.299,477.356,-2.988,0.000,-5.080,0.000,5.080,477.356,0.000,1.272,0.000,Thermal|Downdraft,,,,
145.600,6.299,477.255,-2.988,0.000,-5.080,0.000,5.080,477.255,0.000,1.272,0.000,Thermal|Downdraft,,,,
145.620,6.299,477.153,-2.988,0.000,-5.080,0.000,5.080,477.153,0.000,1.272,0.000,Thermal|Downdraft,,,,
145.640,6.299,477.052,-2.988,0.000,-5.080,0.000,5.080,477.052,0.000,1.272,0.000,Thermal|Downdraft,,,,
145.660,6.299,476.950,-2.988,0.000,-5.080,0.000,5.080,476.950,0.000,1.272,0.000,Thermal|Downdraft,,,,
145.680,6.299,476.848,-2.988,0.000,-5.080,0.000,5.080,476.848,0.000,1.272,0.000,Thermal|Downdraft,,,,
145.700,6.299,476.747,-2.988,0.000,-5.081,0.000,5.081,476.747,0.000,1.272,0.000,Thermal|Downdraft,,,,
145.720,6.299,476.645,-2.988,0.000,-5.081,0.000,5.081,476.645,0.000,1.272,0.000,Thermal|Downdraft,,,,
145.740,6.299,476.543,-2.988,0.000,-5.081,0.000,5.081,476.543,0.000,1.272,0.000,Thermal|Downdraft,,,,
145.760,6.299,476.442,-2.988,0.000,-5.081,0.000,5.081,476.442,0.000,1.272,0.000,Thermal|Downdraft,,,,
145.780,6.299,476.340,-2.988,0.000,-5.081,0.000,5.081,476.340,0.000,1.272,0.000,Thermal|Downdraft,,,,
145.800,6.299,476.239,-2.988,0.000,-5.081,0.000,5.081,476.239,0.000,1.272,0.000,Thermal|Downdraft,,,,
145.820,6.299,476.137,-2.988,0.000,-5.081,0.000,5.081,476.137,0.000,1.272,0.000,Thermal|Downdraft,,,,
145.840,6.299,476.035,-2.988,0.000,-5.082,0.000,5.082,476.035,0.000,1.272,0.000,Thermal|Downdraft,,,,
145.860,6.299,475.934,-2.988,0.000,-5.082,0.000,5.082,475.934,0.000,1.272,0.000,Thermal|Downdraft,,,,
145.880,6.299,475.832,-2.988,0.000,-5.082,0.000,5.082,475.832,0.000,1.272,0.000,Thermal|Downdraft,,,,
145.900,6.299,475.730,-2.988,0.000,-5.082,0.000,5.082,475.730,0.000,1.272,0.000,Thermal|Downdraft,,,,
145.920,6.299,475.629,-2.988,0.000,-5.082,0.000,5.082,475.629,0.000,1.272,0.000,Thermal|Downdraft,,,,
145.940,6.299,475.527,-2.988,0.000,-5.082,0.000,5.082,475.527,0.000,1.272,0.000,Thermal|Downdraft,,,,
145.960,6.299,475.425,-2.988,0.000,-5.082,0.000,5.082,475.425,0.000,1.272,0.000,Thermal|Downdraft,,,,
145.980,6.299,475.324,-2.988,0.000,-5.083,0.000,5.083,475.324,0.000,1.272,0.000,Thermal|Downdraft,,,,
146.000,6.299,475.222,-2.988,0.000,-5.083,0.000,5.083,475.222,0.000,1.272,0.000,Thermal|Downdraft,,,,
146.020,6.299,475.121,-2.988,0.000,-5.083,0.000,5.083,475.121,0.000,1.272,0.000,Thermal|Downdraft,,,,
146.040,6.299,475.019,-2.988,0.000,-5.083,0.000,5.083,475.019,0.000,1.272,0.000,Thermal|Downdraft,,,,
146.060,6.299,474.917,-2.988,0.000,-5.083,0.000,5.083,474.917,0.000,1.272,0.000,Thermal|Downdraft,,,,
146.080,6.299,474.816,-2.988,0.000,-5.083,0.000,5.083,474.816,0.000,1.272,0.000,Thermal|Downdraft,,,,
146.100,6.299,474.714,-2.988,0.000,-5.083,0.000,5.083,474.714,0.000,1.272,0.000,Thermal|Downdraft,,,,
146.120,6.299,474.612,-2.988,0.000,-5.083,0.000,5.083,474.612,0.000,1.272,0.000,Thermal|Downdraft,,,,
146.140,6.299,474.511,-2.988,0.000,-5.084,0.000,5.084,474.511,0.000,1.272,0.000,Thermal|Downdraft,,,,
146.160,6.299,474.409,-2.988,0.000,-5.084,0.000,5.084,474.409,0.000,1.272,0.000,Thermal|Downdraft,,,,
146.180,6.299,474.307,-2.988,0.000,-5.084,0.000,5.084,474.307,0.000,1.272,0.000,Thermal|Downdraft,,,,
146.200,6.299,474.206,-2.988,0.000,-5.084,0.000,5.084,474.206,0.000,1.272,0.000,Thermal|Downdraft,,,,
146.220,6.299,474.104,-2.988,0.000,-5.084,0.000,5.084,474.104,0.000,1.272,0.000,Thermal|Downdraft,,,,
146.240,6.299,474.002,-2.988,0.000,-5.084,0.000,5.084,474.002,0.000,1.272,0.000,Thermal|Downdraft,,,,
146.260,6.299,473.900,-2.988,0.000,-5.084,0.000,5.084,473.900,0.000,1.272,0.000,Thermal|Downdraft,,,,
146.280,6.299,473.799,-2.988,0.000,-5.084,0.000,5.084,473.799,0.000,1.272,0.000,Thermal|Downdraft,,,,
146.300,6.299,473.697,-2.988,0.000,-5.084,0.000,5.084,473.697,0.000,1.272,0.000,Thermal|Downdraft,,,,
146.320,6.299,473.595,-2.988,0.000,-5.085,0.000,5.085,473.595,0.000,1.272,0.000,Thermal|Downdraft,,,,
146.340,6.299,473.494,-2.988,0.000,-5.085,0.000,5.085,473.494,0.000,1.272,0.000,Thermal|Downdraft,,,,
146.360,6.299,473.392,-2.988,0.000,-5.085,0.000,5.085,473.392,0.000,1.272,0.000,Thermal|Downdraft,,,,
146.380,6.299,473.290,-2.988,0.000,-5.085,0.000,5.085,473.290,0.000,1.272,0.000,Thermal|Downdraft,,,,
146.400,6.299,473.189,-2.988,0.000,-5.085,0.000,5.085,473.189,0.000,1.272,0.000,Thermal|Downdraft,,,,
146.420,6.299,473.087,-2.988,0.000,-5.085,0.000,5.085,473.087,0.000,1.272,0.000,Thermal|Downdraft,,,,
146.440,6.299,472.985,-2.988,0.000,-5.085,0.000,5.085,472.985,0.000,1.272,0.000,Thermal|Downdraft,,,,
146.460,6.299,472.884,-2.988,0.000,-5.085,0.000,5.085,472.884,0.000,1.272,0.000,Thermal|Downdraft,,,,
146.480,6.299,472.782,-2.988,0.000,-5.085,0.000,5.085,472.782,0.000,1.272,0.000,Thermal|Downdraft,,,,
146.500,6.299,472.680,-2.988,0.000,-5.085,0.000,5.085,472.680,0.000,1.272,0.000,Thermal|Downdraft,,,,
146.520,6.299,472.578,-2.988,0.000,-5.086,0.000,5.086,472.578,0.000,1.272,0.000,Thermal|Downdraft,,,,
146.540,6.299,472.477,-2.988,0.000,-5.086,0.000,5.086,472.477,0.000,1.272,0.000,Thermal|Downdraft,,,,
146.560,6.299,472.375,-2.988,0.000,-5.086,0.000,5.086,472.375,0.000,1.272,0.000,Thermal|Downdraft,,,,
146.580,6.299,472.273,-2.988,0.000,-5.086,0.000,5.086,472.273,0.000,1.272,0.000,Thermal|Downdraft,,,,
146.600,6.299,472.172,-2.988,0.000,-5.086,0.000,5.086,472.172,0.000,1.272,0.000,Thermal|Downdraft,,,,
146.620,6.299,472.070,-2.988,0.000,-5.086,0.000,5.086,472.070,0.000,1.272,0.000,Thermal|Downdraft,,,,
146.640,6.299,471.968,-2.988,0.000,-5.086,0.000,5.086,471.968,0.000,1.272,0.000,Thermal|Downdraft,,,,
146.660,6.299,471.866,-2.988,0.000,-5.086,0.000,5.086,471.866,0.000,1.272,0.000,Thermal|Downdraft,,,,
146.680,6.299,471.765,-2.988,0.000,-5.086,0.000,5.086,471.765,0.000,1.272,0.000,Thermal|Downdraft,,,,
146.700,6.299,471.663,-2.988,0.000,-5.086,0.000,5.086,471.663,0.000,1.272,0.000,Thermal|Downdraft,,,,
146.720,6.299,471.561,-2.988,0.000,-5.086,0.000,5.086,471.561,0.000,1.272,0.000,Thermal|Downdraft,,,,
146.740,6.299,471.459,-2.988,0.000,-5.087,0.000,5.087,471.459,0.000,1.272,0.000,Thermal|Downdraft,,,,
146.760,6.299,471.358,-2.988,0.000,-5.087,0.000,5.087,471.358,0.000,1.272,0.000,Thermal|Downdraft,,,,
146.780,6.299,471.256,-2.988,0.000,-5.087,0.000,5.087,471.256,0.000,1.272,0.000,Thermal|Downdraft,,,,
146.800,6.299,471.154,-2.988,0.000,-5.087,0.000,5.087,471.154,0.000,1.272,0.000,Thermal|Downdraft,,,,
146.820,6.299,471.053,-2.988,0.000,-5.087,0.000,5.087,471.053,0.000,1.272,0.000,Thermal|Downdraft,,,,
146.840,6.299,470.951,-2.988,0.000,-5.087,0.000,5.087,470.951,0.000,1.272,0.000,Thermal|Downdraft,,,,
146.860,6.299,470.849,-2.988,0.000,-5.087,0.000,5.087,470.849,0.000,1.272,0.000,Thermal|Downdraft,,,,
146.880,6.299,470.747,-2.988,0.000,-5.087,0.000,5.087,470.747,0.000,1.272,0.000,Thermal|Downdraft,,,,
146.900,6.299,470.646,-2.988,0.000,-5.087,0.000,5.087,470.646,0.000,1.272,0.000,Thermal|Downdraft,,,,
146.920,6.299,470.544,-2.988,0.000,-5.087,0.000,5.087,470.544,0.000,1.272,0.000,Thermal|Downdraft,,,,
146.940,6.299,470.442,-2.988,0.000,-5.087,0.000,5.087,470.442,0.000,1.272,0.000,Thermal|Downdraft,,,,
146.960,6.299,470.340,-2.988,0.000,-5.087,0.000,5.087,470.340,0.000,1.272,0.000,Thermal|Downdraft,,,,
146.980,6.299,470.239,-2.988,0.000,-5.088,0.000,5.088,470.239,0.000,1.272,0.000,Thermal|Downdraft,,,,
147.000,6.299,470.137,-2.988,0.000,-5.088,0.000,5.088,470.137,0.000,1.272,0.000,Thermal|Downdraft,,,,
147.020,6.299,470.035,-2.988,0.000,-5.088,0.000,5.088,470.035,0.000,1.272,0.000,Thermal|Downdraft,,,,
147.040,6.299,469.933,-2.988,0.000,-5.088,0.000,5.088,469.933,0.000,1.272,0.000,Thermal|Downdraft,,,,
147.060,6.299,469.832,-2.988,0.000,-5.088,0.000,5.088,469.832,0.000,1.272,0.000,Thermal|Downdraft,,,,
147.080,6.299,469.730,-2.988,0.000,-5.088,0.000,5.088,469.730,0.000,1.272,0.000,Thermal|Downdraft,,,,
147.100,6.299,469.628,-2.988,0.000,-5.088,0.000,5.088,469.628,0.000,1.272,0.000,Thermal|Downdraft,,,,
147.120,6.299,469.526,-2.988,0.000,-5.088,0.000,5.088,469.526,0.000,1.272,0.000,Thermal|Downdraft,,,,
147.140,6.299,469.424,-2.988,0.000,-5.088,0.000,5.088,469.424,0.000,1.272,0.000,Thermal|Downdraft,,,,
147.160,6.299,469.323,-2.988,0.000,-5.088,0.000,5.088,469.323,0.000,1.272,0.000,Thermal|Downdraft,,,,
147.180,6.299,469.221,-2.988,0.000,-5.088,0.000,5.088,469.221,0.000,1.272,0.000,Thermal|Downdraft,,,,
147.200,6.299,469.119,-2.988,0.000,-5.088,0.000,5.088,469.119,0.000,1.272,0.000,Thermal|Downdraft,,,,
147.220,6.299,469.017,-2.988,0.000,-5.088,0.000,5.088,469.017,0.000,1.272,0.000,Thermal|Downdraft,,,,
147.240,6.299,468.916,-2.988,0.000,-5.088,0.000,5.088,468.916,0.000,1.272,0.000,Thermal|Downdraft,,,,
147.260,6.299,468.814,-2.988,0.000,-5.089,0.000,5.089,468.814,0.000,1.272,0.000,Thermal|Downdraft,,,,
147.280,6.299,468.712,-2.988,0.000,-5.089,0.000,5.089,468.712,0.000,1.272,0.000,Thermal|Downdraft,,,,
147.300,6.299,468.610,-2.988,0.000,-5.089,0.000,5.089,468.610,0.000,1.272,0.000,Thermal|Downdraft,,,,
147.320,6.299,468.509,-2.988,0.000,-5.089,0.000,5.089,468.509,0.000,1.272,0.000,Thermal|Downdraft,,,,
147.340,6.299,468.407,-2.988,0.000,-5.089,0.000,5.089,468.407,0.000,1.272,0.000,Thermal|Downdraft,,,,
147.360,6.299,468.305,-2.988,0.000,-5.089,0.000,5.089,468.305,0.000,1.272,0.000,Thermal|Downdraft,,,,
147.380,6.299,468.203,-2.988,0.000,-5.089,0.000,5.089,468.203,0.000,1.272,0.000,Thermal|Downdraft,,,,
147.400,6.299,468.101,-2.988,0.000,-5.089,0.000,5.089,468.101,0.000,1.272,0.000,Thermal|Downdraft,,,,
147.420,6.299,468.000,-2.988,0.000,-5.089,0.000,5.089,468.000,0.000,1.272,0.000,Thermal|Downdraft,,,,
147.440,6.299,467.898,-2.988,0.000,-5.089,0.000,5.089,467.898,0.000,1.272,0.000,Thermal|Downdraft,,,,
147.460,6.299,467.796,-2.988,0.000,-5.089,0.000,5.089,467.796,0.000,1.272,0.000,Thermal|Downdraft,,,,
147.480,6.299,467.694,-2.988,0.000,-5.089,0.000,5.089,467.694,0.000,1.272,0.000,Thermal|Downdraft,,,,
147.500,6.299,467.593,-2.988,0.000,-5.089,0.000,5.089,467.593,0.000,1.272,0.000,Thermal|Downdraft,,,,
147.520,6.299,467.491,-2.988,0.000,-5.089,0.000,5.089,467.491,0.000,1.272,0.000,Thermal|Downdraft,,,,
147.540,6.299,467.389,-2.988,0.000,-5.089,0.000,5.089,467.389,0.000,1.272,0.000,Thermal|Downdraft,,,,
147.560,6.299,467.287,-2.988,0.000,-5.089,0.000,5.089,467.287,0.000,1.272,0.000,Thermal|Downdraft,,,,
147.580,6.299,467.185,-2.988,0.000,-5.090,0.000,5.090,467.185,0.000,1.272,0.000,Thermal|Downdraft,,,,
147.600,6.299,467.084,-2.988,0.000,-5.090,0.000,5.090,467.084,0.000,1.272,0.000,Thermal|Downdraft,,,,
147.620,6.299,466.982,-2.988,0.000,-5.090,0.000,5.090,466.982,0.000,1.272,0.000,Thermal|Downdraft,,,,
147.640,6.299,466.880,-2.988,0.000,-5.090,0.000,5.090,466.880,0.000,1.272,0.000,Thermal|Downdraft,,,,
